lon,lat,hurt,color,road,scale,level1,level2
121.549637,25.051919,2,受傷事故,南京東西路,3,惡化,中度惡化
121.533131,25.045912,1,受傷事故,松江路,2,惡化,重度惡化
121.570859,25.046263,1,受傷事故,基隆路1段,2,惡化,輕微惡化
121.558283,25.018262,2,受傷事故,和平東路1、2、3段,3,惡化,重度惡化
121.557733,25.085694,2,受傷事故,內湖路1段,3,惡化,中度惡化
121.564279,25.063275,1,受傷事故,光復南北路,2,惡化,輕微惡化
121.525135,25.102125,1,受傷事故,福國路,2,惡化,重度惡化
121.509197,25.047844,1,受傷事故,中華路1段,2,惡化,重度惡化
121.522831,25.052609,1,受傷事故,南京東西路,2,惡化,中度惡化
121.578356,25.078652,1,受傷事故,內湖路1段,2,惡化,中度惡化
121.525135,25.102125,2,受傷事故,福國路,2,惡化,重度惡化
121.564279,25.063275,1,受傷事故,民族東路,2,惡化,重度惡化
121.577524,25.050227,1,受傷事故,八德路4段,2,惡化,輕微惡化
121.573967,25.080338,1,受傷事故,內湖路1段,3,惡化,中度惡化
121.523358,25.068299,1,受傷事故,民族東路,2,惡化,重度惡化
121.539773,25.097169,1,受傷事故,福林路,2,惡化,中度惡化
121.564753,25.049177,1,受傷事故,八德路4段,2,惡化,輕微惡化
121.510583,25.04736,1,受傷事故,中華路1段,2,惡化,重度惡化
121.577802,25.079761,1,受傷事故,內湖路1段,3,惡化,中度惡化
121.569428,25.048983,1,受傷事故,基隆路1段,3,惡化,輕微惡化
121.535319,25.025713,1,受傷事故,和平東路1、2、3段,2,惡化,重度惡化
121.572306,25.050215,1,受傷事故,塔悠路,2,惡化,重度惡化
121.524122,25.048074,1,受傷事故,民族東路,2,惡化,重度惡化
121.543715,25.047768,2,受傷事故,復興北路,3,惡化,中度惡化
121.525538,25.086369,2,受傷事故,福國路,3,惡化,重度惡化
121.564862,25.014136,1,受傷事故,和平東路1、2、3段,2,惡化,重度惡化
121.55067,25.047545,2,受傷事故,八德路3段,3,改善,有效改善
121.580915,25.05744,1,受傷事故,南京東西路,2,惡化,中度惡化
121.554748,25.055997,1,受傷事故,光復南北路,3,惡化,輕微惡化
121.543715,25.047768,1,受傷事故,民族東路,2,惡化,重度惡化
121.544479,25.065684,1,受傷事故,復興北路,2,惡化,中度惡化
121.549826,25.04804,1,受傷事故,八德路3段,3,改善,有效改善
121.522831,25.052609,1,受傷事故,民族東路,2,惡化,重度惡化
121.549637,25.051919,2,受傷事故,南京東西路,3,惡化,中度惡化
121.539153,25.052914,1,受傷事故,南京東西路,2,惡化,中度惡化
121.532714,25.046292,1,受傷事故,松江路,2,惡化,重度惡化
121.584412,25.049059,1,受傷事故,忠孝東路6段,2,改善,微幅改善
121.555272,25.051805,2,受傷事故,南京東西路,2,惡化,中度惡化
121.527936,25.058174,1,受傷事故,松江路,3,惡化,重度惡化
121.556658,25.051763,1,受傷事故,南京東西路,2,惡化,中度惡化
121.557982,25.047915,1,受傷事故,光復南北路,3,惡化,輕微惡化
121.553475,25.053663,1,受傷事故,南京東西路,2,惡化,中度惡化
121.529754,25.068593,2,受傷事故,民族東路,2,惡化,重度惡化
121.523596,25.102411,1,受傷事故,福國路,2,惡化,重度惡化
121.535515,25.042214,1,受傷事故,光復南北路,3,惡化,輕微惡化
121.549637,25.051919,1,受傷事故,南京東西路,3,惡化,中度惡化
121.569428,25.048983,1,受傷事故,基隆路1段,2,惡化,輕微惡化
121.521244,25.052326,1,受傷事故,南京東西路,2,惡化,中度惡化
121.523358,25.068299,1,受傷事故,民族東路,2,惡化,重度惡化
121.533131,25.045912,1,受傷事故,松江路,2,惡化,重度惡化
121.544696,25.097626,1,受傷事故,至善路2段,2,改善,有效改善
121.54222,25.067668,2,受傷事故,民族東路,2,惡化,重度惡化
121.520156,25.051812,1,受傷事故,南京東西路,2,惡化,中度惡化
121.55567,25.057411,1,受傷事故,光復南北路,2,惡化,輕微惡化
121.557212,25.086797,1,受傷事故,內湖路1段,2,惡化,中度惡化
121.520156,25.051812,1,受傷事故,南京東西路,2,惡化,中度惡化
121.532217,25.051096,1,受傷事故,松江路,2,惡化,重度惡化
121.584412,25.049059,2,受傷事故,忠孝東路6段,2,改善,微幅改善
121.557982,25.047915,1,受傷事故,光復南北路,2,惡化,輕微惡化
121.567124,25.045186,1,受傷事故,基隆路1段,2,惡化,輕微惡化
121.577119,25.049852,1,受傷事故,八德路4段,2,惡化,輕微惡化
121.557993,25.048456,2,受傷事故,光復南北路,3,惡化,輕微惡化
121.55556,25.058427,1,受傷事故,復興北路,2,惡化,中度惡化
121.521814,25.052534,1,受傷事故,南京東西路,2,惡化,中度惡化
121.545489,25.063454,1,受傷事故,復興北路,1,惡化,中度惡化
121.580841,25.044274,1,受傷事故,中坡北路,2,改善,有效改善
121.5565,25.047304,1,受傷事故,光復南北路,2,惡化,輕微惡化
121.557982,25.047915,1,受傷事故,光復南北路,2,惡化,輕微惡化
121.543931,25.058785,1,受傷事故,復興北路,2,惡化,中度惡化
121.584412,25.049059,2,受傷事故,忠孝東路6段,3,改善,微幅改善
121.523208,25.10132,1,受傷事故,福國路,2,惡化,重度惡化
121.545119,25.062463,2,受傷事故,復興北路,4,惡化,中度惡化
121.569428,25.048983,2,受傷事故,基隆路1段,3,惡化,輕微惡化
121.558442,25.08507,2,受傷事故,內湖路1段,3,惡化,中度惡化
121.5567,25.048203,1,受傷事故,八德路3段,3,改善,有效改善
121.533131,25.045912,1,受傷事故,松江路,3,惡化,重度惡化
121.533131,25.045912,2,受傷事故,松江路,3,惡化,重度惡化
121.568485,25.049582,2,受傷事故,八德路4段,2,惡化,輕微惡化
121.544158,25.047968,3,受傷事故,民族東路,3,惡化,重度惡化
121.557982,25.047915,1,受傷事故,光復南北路,2,惡化,輕微惡化
121.544864,25.045161,1,受傷事故,八德路4段,4,惡化,輕微惡化
121.557388,25.019383,2,受傷事故,和平東路1、2、3段,2,惡化,重度惡化
121.533067,25.067634,1,受傷事故,松江路,2,惡化,重度惡化
121.549637,25.051919,1,受傷事故,南京東西路,2,惡化,中度惡化
121.573851,25.08038,1,受傷事故,內湖路1段,2,惡化,中度惡化
121.573967,25.080338,1,受傷事故,內湖路1段,2,惡化,中度惡化
121.519993,25.052578,1,受傷事故,南京東西路,1,惡化,中度惡化
121.57996,25.050304,2,受傷事故,八德路4段,2,惡化,輕微惡化
121.540192,25.051749,1,受傷事故,南京東西路,1,惡化,中度惡化
121.567367,25.050592,1,受傷事故,南京東西路,2,惡化,中度惡化
121.543949,25.05847,1,受傷事故,復興北路,2,惡化,中度惡化
121.544334,25.055686,2,受傷事故,復興北路,3,惡化,中度惡化
121.567764,25.051103,3,受傷事故,南京東西路,3,惡化,中度惡化
121.559023,25.051714,1,受傷事故,南京東西路,2,惡化,中度惡化
121.510583,25.04736,3,受傷事故,中華路1段,3,惡化,重度惡化
121.564426,25.083573,1,受傷事故,內湖路1段,2,惡化,中度惡化
121.510583,25.04736,1,受傷事故,中華路1段,2,惡化,重度惡化
121.565242,25.041291,1,受傷事故,光復南北路,2,惡化,輕微惡化
121.572306,25.050215,1,受傷事故,塔悠路,2,惡化,重度惡化
121.542485,25.059947,2,受傷事故,復興北路,2,惡化,中度惡化
121.53236,25.097259,3,受傷事故,福林路,3,惡化,中度惡化
121.558319,25.028575,1,受傷事故,和平東路1、2、3段,2,惡化,重度惡化
121.550625,25.046075,2,受傷事故,八德路3段,2,改善,有效改善
121.566401,25.043552,1,受傷事故,中坡北路,2,改善,有效改善
121.517403,25.04549,1,受傷事故,公園路,1,惡化,中度惡化
121.555188,25.059474,1,受傷事故,光復南北路,2,惡化,輕微惡化
121.558063,25.048338,1,受傷事故,八德路4段,2,惡化,輕微惡化
121.5582,25.018588,1,受傷事故,和平東路1、2、3段,2,惡化,重度惡化
121.580794,25.04476,1,受傷事故,中坡北路,3,改善,有效改善
121.559045,25.017918,1,受傷事故,和平東路1、2、3段,2,惡化,重度惡化
121.553398,25.10348,2,受傷事故,至善路2段,2,改善,有效改善
121.538684,25.052582,2,受傷事故,南京東西路,3,惡化,中度惡化
121.573479,25.08128,1,受傷事故,內湖路1段,2,惡化,中度惡化
121.530421,25.05686,2,受傷事故,松江路,2,惡化,重度惡化
121.525538,25.086369,1,受傷事故,福國路,2,惡化,重度惡化
121.517403,25.04549,1,受傷事故,公園路,2,惡化,中度惡化
121.524897,25.026499,1,受傷事故,和平東路1、2、3段,3,惡化,重度惡化
121.534036,25.097467,2,受傷事故,福林路,2,惡化,中度惡化
121.564743,25.04202,1,受傷事故,基隆路1段,2,惡化,輕微惡化
121.528045,25.052292,1,受傷事故,南京東西路,2,惡化,中度惡化
121.584412,25.049059,1,受傷事故,忠孝東路6段,1,改善,微幅改善
121.55774,25.034485,1,受傷事故,光復南北路,2,惡化,輕微惡化
121.543841,25.052938,1,受傷事故,復興北路,2,惡化,中度惡化
121.55937,25.037098,1,受傷事故,光復南北路,2,惡化,輕微惡化
121.564743,25.04202,1,受傷事故,基隆路1段,2,惡化,輕微惡化
121.566229,25.050806,3,受傷事故,南京東西路,3,惡化,中度惡化
121.522755,25.064855,2,受傷事故,建國北路3段,2,改善,有效改善
121.565843,25.048527,1,受傷事故,南京東西路,2,惡化,中度惡化
121.510583,25.04736,2,受傷事故,中華路1段,2,惡化,重度惡化
121.567019,25.084454,1,受傷事故,內湖路1段,2,惡化,中度惡化
121.530248,25.094587,1,受傷事故,福林路,2,惡化,中度惡化
121.562929,25.082857,2,受傷事故,內湖路1段,2,惡化,中度惡化
121.543673,25.052049,1,受傷事故,南京東西路,2,惡化,中度惡化
121.526386,25.068231,1,受傷事故,民族東路,2,惡化,重度惡化
121.523979,25.025331,1,受傷事故,羅斯福路1、2段,2,惡化,微幅改善
121.561654,25.054338,1,受傷事故,健康路,2,改善,微幅改善
121.522921,25.062953,1,受傷事故,復興北路,2,惡化,中度惡化
121.544749,25.065507,1,受傷事故,復興北路,2,惡化,中度惡化
121.558063,25.048338,1,受傷事故,光復南北路,2,惡化,輕微惡化
121.546958,25.024529,1,受傷事故,和平東路1、2、3段,2,惡化,重度惡化
121.528045,25.052292,1,受傷事故,南京東西路,2,惡化,中度惡化
121.557931,25.043917,2,受傷事故,光復南北路,2,惡化,輕微惡化
121.560986,25.084661,1,受傷事故,內湖路1段,1,惡化,中度惡化
121.533439,25.04759,3,受傷事故,松江路,4,惡化,重度惡化
121.53332,25.056856,1,受傷事故,松江路,2,惡化,重度惡化
121.543037,25.026598,1,受傷事故,和平東路1、2、3段,2,惡化,重度惡化
121.517403,25.04549,2,受傷事故,公園路,3,惡化,中度惡化
121.544158,25.047968,2,受傷事故,復興北路,3,惡化,中度惡化
121.562106,25.058205,1,受傷事故,南京東西路,2,惡化,中度惡化
121.525135,25.102125,1,受傷事故,福國路,2,惡化,重度惡化
121.55556,25.058427,1,受傷事故,光復南北路,2,惡化,輕微惡化
121.523358,25.068299,1,受傷事故,民族東路,2,惡化,重度惡化
121.564279,25.063275,1,受傷事故,光復南北路,2,惡化,輕微惡化
121.580884,25.045517,1,受傷事故,忠孝東路6段,2,改善,微幅改善
121.563219,25.049282,2,受傷事故,八德路4段,3,惡化,輕微惡化
121.560103,25.016445,2,受傷事故,和平東路1、2、3段,2,惡化,重度惡化
121.590642,25.050052,2,受傷事故,忠孝東路6段,3,改善,微幅改善
121.535956,25.068019,1,受傷事故,民族東路,2,惡化,重度惡化
121.559977,25.03454,1,受傷事故,基隆路1段,2,惡化,輕微惡化
121.559633,25.048261,1,受傷事故,八德路4段,2,惡化,輕微惡化
121.566993,25.084917,2,受傷事故,內湖路1段,3,惡化,中度惡化
121.557496,25.044719,1,受傷事故,光復南北路,2,惡化,輕微惡化
121.577171,25.049854,1,受傷事故,八德路4段,2,惡化,輕微惡化
121.523358,25.068299,2,受傷事故,民族東路,3,惡化,重度惡化
121.528045,25.052292,2,受傷事故,南京東西路,2,惡化,中度惡化
121.520332,25.052505,1,受傷事故,南京東西路,2,惡化,中度惡化
121.53326,25.018837,1,受傷事故,新生南路3段,2,惡化,重度惡化
121.523358,25.068299,2,受傷事故,民族東路,3,惡化,重度惡化
121.557931,25.043917,1,受傷事故,光復南北路,2,惡化,輕微惡化
121.568541,25.046175,2,受傷事故,基隆路1段,3,惡化,輕微惡化
121.544828,25.012114,1,受傷事故,基隆路3段,2,惡化,輕微惡化
121.524139,25.101839,1,受傷事故,福國路,2,惡化,重度惡化
121.523612,25.053328,1,受傷事故,南京東西路,2,惡化,中度惡化
121.560025,25.04824,2,受傷事故,八德路4段,2,惡化,輕微惡化
121.57996,25.050304,1,受傷事故,八德路4段,2,惡化,輕微惡化
121.567019,25.084454,1,受傷事故,內湖路1段,2,惡化,中度惡化
121.558063,25.048338,1,受傷事故,光復南北路,2,惡化,輕微惡化
121.520332,25.052505,1,受傷事故,南京東西路,2,惡化,中度惡化
121.549637,25.051919,2,受傷事故,南京東西路,3,惡化,中度惡化
121.569359,25.055526,1,受傷事故,塔悠路,2,惡化,重度惡化
121.557049,25.035495,1,受傷事故,光復南北路,2,惡化,輕微惡化
121.565843,25.048527,1,受傷事故,南京東西路,2,惡化,中度惡化
121.516784,25.04909,1,受傷事故,南京東西路,2,惡化,中度惡化
121.543715,25.047768,1,受傷事故,復興北路,2,惡化,中度惡化
121.578416,25.079079,1,受傷事故,內湖路1段,2,惡化,中度惡化
121.510994,25.046669,2,受傷事故,寶慶路,2,惡化,中度惡化
121.54222,25.067668,1,受傷事故,民族東路,2,惡化,重度惡化
121.567432,25.049807,1,受傷事故,南京東西路,2,惡化,中度惡化
121.557807,25.019832,1,受傷事故,和平東路1、2、3段,2,惡化,重度惡化
121.595048,25.052482,1,受傷事故,忠孝東路6段,1,改善,微幅改善
121.571059,25.081848,2,受傷事故,內湖路1段,2,惡化,中度惡化
121.557049,25.035495,2,受傷事故,光復南北路,3,惡化,輕微惡化
121.558715,25.049693,2,受傷事故,光復南北路,2,惡化,輕微惡化
121.559333,25.048231,1,受傷事故,八德路4段,2,惡化,輕微惡化
121.564826,25.082419,1,受傷事故,內湖路1段,2,惡化,中度惡化
121.523386,25.027199,1,受傷事故,和平東路1、2、3段,2,惡化,重度惡化
121.544714,25.066113,1,受傷事故,民族東路,3,惡化,重度惡化
121.536893,25.066725,1,受傷事故,民族東路,3,惡化,重度惡化
121.560761,25.048943,1,受傷事故,八德路4段,2,惡化,輕微惡化
121.569639,25.08211,1,受傷事故,內湖路1段,3,惡化,中度惡化
121.550602,25.045735,2,受傷事故,八德路3段,3,改善,有效改善
121.523358,25.068299,1,受傷事故,民族東路,2,惡化,重度惡化
121.525135,25.102125,1,受傷事故,福國路,2,惡化,重度惡化
121.543805,25.051209,3,受傷事故,復興北路,5,惡化,中度惡化
121.521621,25.102145,1,受傷事故,福國路,3,惡化,重度惡化
121.557407,25.105129,1,受傷事故,至善路2段,2,改善,有效改善
121.557931,25.043917,1,受傷事故,光復南北路,2,惡化,輕微惡化
121.523208,25.05325,2,受傷事故,南京東西路,3,惡化,中度惡化
121.531576,25.050699,1,受傷事故,松江路,2,惡化,重度惡化
121.524054,25.031351,1,受傷事故,愛國東路,2,惡化,輕微惡化
121.551044,25.053246,1,受傷事故,南京東西路,2,惡化,中度惡化
121.524238,25.034929,1,受傷事故,愛國東路,2,惡化,輕微惡化
121.51763,25.034351,1,受傷事故,杭州南路2段,2,改善,微幅改善
121.55556,25.058427,1,受傷事故,復興北路,2,惡化,中度惡化
121.569428,25.048983,1,受傷事故,光復南北路,2,惡化,輕微惡化
121.522831,25.052609,2,受傷事故,民族東路,2,惡化,重度惡化
121.520332,25.052505,1,受傷事故,南京東西路,2,惡化,中度惡化
121.582714,25.045632,1,受傷事故,忠孝東路6段,2,改善,微幅改善
121.54749,25.0245,2,受傷事故,和平東路1、2、3段,2,惡化,重度惡化
121.553696,25.02117,1,受傷事故,和平東路1、2、3段,2,惡化,重度惡化
121.549328,25.047841,1,受傷事故,八德路3段,2,改善,有效改善
121.564279,25.063275,1,受傷事故,塔悠路,2,惡化,重度惡化
121.570065,25.050049,1,受傷事故,八德路4段,2,惡化,輕微惡化
121.570535,25.050284,1,受傷事故,八德路4段,2,惡化,輕微惡化
121.523047,25.026847,1,受傷事故,和平東路1、2、3段,2,惡化,重度惡化
121.564279,25.063275,1,受傷事故,光復南北路,4,惡化,輕微惡化
121.549328,25.047841,1,受傷事故,八德路3段,3,改善,有效改善
121.523358,25.068299,1,受傷事故,民族東路,2,惡化,重度惡化
121.566106,25.052783,2,受傷事故,南京東西路,3,惡化,中度惡化
121.533131,25.045912,1,受傷事故,松江路,3,惡化,重度惡化
121.539437,25.051748,1,受傷事故,南京東西路,2,惡化,中度惡化
121.564279,25.063275,2,受傷事故,光復南北路,3,惡化,輕微惡化
121.553079,25.053604,1,受傷事故,健康路,2,改善,微幅改善
121.536717,25.065937,1,受傷事故,建國北路3段,2,改善,有效改善
121.558063,25.048338,1,受傷事故,八德路4段,2,惡化,輕微惡化
121.544158,25.047968,1,受傷事故,復興北路,2,惡化,中度惡化
121.5697,25.081699,1,受傷事故,內湖路1段,2,惡化,中度惡化
121.586314,25.058146,1,受傷事故,南京東西路,1,惡化,中度惡化
121.525139,25.068263,1,受傷事故,民族東路,4,惡化,重度惡化
121.550144,25.048929,1,受傷事故,南京東西路,2,惡化,中度惡化
121.513129,25.054082,1,受傷事故,南京東西路,3,惡化,中度惡化
121.56908,25.057229,2,受傷事故,光復南北路,2,惡化,輕微惡化
121.530603,25.095858,2,受傷事故,福林路,2,惡化,中度惡化
121.533131,25.045912,1,受傷事故,松江路,2,惡化,重度惡化
121.557982,25.047915,1,受傷事故,光復南北路,2,惡化,輕微惡化
121.544132,25.044899,3,受傷事故,八德路3段,3,改善,有效改善
121.523358,25.068299,1,受傷事故,民族東路,2,惡化,重度惡化
121.510735,25.110443,1,受傷事故,立賢路,2,惡化,中度惡化
121.557993,25.048456,4,受傷事故,光復南北路,5,惡化,輕微惡化
121.567817,25.084976,2,受傷事故,內湖路1段,2,惡化,中度惡化
121.567124,25.045186,2,受傷事故,基隆路1段,3,惡化,輕微惡化
121.572207,25.081492,2,受傷事故,內湖路1段,2,惡化,中度惡化
121.524238,25.034929,1,受傷事故,愛國東路,2,惡化,輕微惡化
121.557212,25.086797,1,受傷事故,內湖路1段,2,惡化,中度惡化
121.543049,25.097404,2,受傷事故,至善路2段,3,改善,有效改善
121.549328,25.047841,1,受傷事故,八德路3段,2,改善,有效改善
121.528533,25.047706,1,受傷事故,南京東西路,2,惡化,中度惡化
121.557993,25.048456,1,受傷事故,光復南北路,2,惡化,輕微惡化
121.534036,25.097467,2,受傷事故,福林路,3,惡化,中度惡化
121.572461,25.08141,1,受傷事故,內湖路1段,2,惡化,中度惡化
121.558063,25.048338,1,受傷事故,八德路4段,2,惡化,輕微惡化
121.561435,25.048679,1,受傷事故,八德路4段,2,惡化,輕微惡化
121.558604,25.01891,1,受傷事故,和平東路1、2、3段,2,惡化,重度惡化
121.569428,25.048983,1,受傷事故,基隆路1段,2,惡化,輕微惡化
121.552475,25.047933,2,受傷事故,八德路3段,3,改善,有效改善
121.567004,25.049244,1,受傷事故,八德路4段,2,惡化,輕微惡化
121.54468,25.052838,2,受傷事故,復興北路,2,惡化,中度惡化
121.558715,25.049693,3,受傷事故,光復南北路,3,惡化,輕微惡化
121.580915,25.05744,2,受傷事故,南京東西路,3,惡化,中度惡化
121.511678,25.041388,3,受傷事故,寶慶路,3,惡化,中度惡化
121.509197,25.047844,1,受傷事故,中華路1段,2,惡化,重度惡化
121.572306,25.050215,1,受傷事故,塔悠路,2,惡化,重度惡化
121.540923,25.023174,1,受傷事故,和平東路1、2、3段,2,惡化,重度惡化
121.557993,25.048456,1,受傷事故,光復南北路,2,惡化,輕微惡化
121.508612,25.059847,2,受傷事故,南京東西路,2,惡化,中度惡化
121.561482,25.08451,1,受傷事故,內湖路1段,2,惡化,中度惡化
121.523358,25.068299,1,受傷事故,民族東路,2,惡化,重度惡化
121.549807,25.047546,1,受傷事故,八德路3段,2,改善,有效改善
121.524725,25.10178,1,受傷事故,福國路,2,惡化,重度惡化
121.544329,25.054915,1,受傷事故,復興北路,2,惡化,中度惡化
121.574926,25.080652,1,受傷事故,內湖路1段,2,惡化,中度惡化
121.530248,25.094587,1,受傷事故,福林路,2,惡化,中度惡化
121.56746,25.051556,1,受傷事故,南京東西路,2,惡化,中度惡化
121.543862,25.065069,2,受傷事故,復興北路,2,惡化,中度惡化
121.537921,25.062144,1,受傷事故,建國北路3段,2,改善,有效改善
121.523358,25.068299,1,受傷事故,民族東路,2,惡化,重度惡化
121.56003,25.049831,1,受傷事故,光復南北路,2,惡化,輕微惡化
121.566122,25.049537,2,受傷事故,八德路4段,2,惡化,輕微惡化
121.558715,25.049693,1,受傷事故,光復南北路,2,惡化,輕微惡化
121.578933,25.080549,1,受傷事故,內湖路1段,2,惡化,中度惡化
121.555965,25.036066,1,受傷事故,光復南北路,2,惡化,輕微惡化
121.564426,25.083573,1,受傷事故,內湖路1段,2,惡化,中度惡化
121.53327,25.053553,2,受傷事故,松江路,2,惡化,重度惡化
121.528045,25.052292,1,受傷事故,南京東西路,2,惡化,中度惡化
121.578934,25.050089,2,受傷事故,八德路4段,3,惡化,輕微惡化
121.567897,25.083739,1,受傷事故,內湖路1段,2,惡化,中度惡化
121.543779,25.066056,1,受傷事故,復興北路,2,惡化,中度惡化
121.533264,25.05009,1,受傷事故,松江路,2,惡化,重度惡化
121.556869,25.020771,1,受傷事故,和平東路1、2、3段,2,惡化,重度惡化
121.558442,25.08507,2,受傷事故,內湖路1段,2,惡化,中度惡化
121.539696,25.064478,1,受傷事故,民族東路,2,惡化,重度惡化
121.560823,25.054991,2,受傷事故,健康路,3,改善,微幅改善
121.515272,25.036332,1,受傷事故,公園路,2,惡化,中度惡化
121.510583,25.04736,2,受傷事故,中華路1段,3,惡化,重度惡化
121.533131,25.045912,2,受傷事故,松江路,3,惡化,重度惡化
121.549637,25.051919,1,受傷事故,南京東西路,1,惡化,中度惡化
121.544213,25.038271,2,受傷事故,光復南北路,3,惡化,輕微惡化
121.539773,25.097169,1,受傷事故,福林路,2,惡化,中度惡化
121.527053,25.068125,2,受傷事故,民族東路,2,惡化,重度惡化
121.5582,25.018588,1,受傷事故,和平東路1、2、3段,2,惡化,重度惡化
121.534846,25.023952,3,受傷事故,新生南路3段,4,惡化,重度惡化
121.533829,25.020485,1,受傷事故,新生南路3段,2,惡化,重度惡化
121.550036,25.051912,1,受傷事故,南京東西路,2,惡化,中度惡化
121.57996,25.050304,1,受傷事故,八德路4段,2,惡化,輕微惡化
121.591432,25.059977,1,受傷事故,南京東西路,2,惡化,中度惡化
121.530193,25.048646,1,受傷事故,復興北路,2,惡化,中度惡化
121.544158,25.047968,1,受傷事故,復興北路,3,惡化,中度惡化
121.578745,25.080593,2,受傷事故,內湖路1段,2,惡化,中度惡化
121.557796,25.037254,1,受傷事故,光復南北路,2,惡化,輕微惡化
121.572062,25.081931,2,受傷事故,內湖路1段,3,惡化,中度惡化
121.559039,25.018657,1,受傷事故,和平東路1、2、3段,2,惡化,重度惡化
121.559905,25.050138,1,受傷事故,光復南北路,2,惡化,輕微惡化
121.551561,25.048082,2,受傷事故,八德路3段,3,改善,有效改善
121.510583,25.04736,1,受傷事故,中華路1段,2,惡化,重度惡化
121.546784,25.0254,1,受傷事故,和平東路1、2、3段,2,惡化,重度惡化
121.567019,25.084454,1,受傷事故,內湖路1段,2,惡化,中度惡化
121.567351,25.056107,1,受傷事故,健康路,2,改善,微幅改善
121.582988,25.045983,2,受傷事故,忠孝東路6段,2,改善,微幅改善
121.508951,25.063672,1,受傷事故,南京東西路,3,惡化,中度惡化
121.557672,25.033878,1,受傷事故,光復南北路,2,惡化,輕微惡化
121.543171,25.065885,1,受傷事故,復興北路,2,惡化,中度惡化
121.560999,25.051272,1,受傷事故,南京東西路,3,惡化,中度惡化
121.563683,25.048666,1,受傷事故,八德路4段,2,惡化,輕微惡化
121.572306,25.050215,2,受傷事故,塔悠路,2,惡化,重度惡化
121.558063,25.048338,1,受傷事故,塔悠路,2,惡化,重度惡化
121.566571,25.051555,1,受傷事故,南京東西路,2,惡化,中度惡化
121.507769,25.053735,1,受傷事故,南京東西路,2,惡化,中度惡化
121.567124,25.045186,2,受傷事故,基隆路1段,3,惡化,輕微惡化
121.5553,25.047947,1,受傷事故,八德路3段,2,改善,有效改善
121.555965,25.036066,2,受傷事故,光復南北路,2,惡化,輕微惡化
121.520332,25.052505,1,受傷事故,南京東西路,2,惡化,中度惡化
121.535527,25.066756,1,受傷事故,建國北路3段,2,改善,有效改善
121.544566,25.062756,3,受傷事故,復興北路,3,惡化,中度惡化
121.554195,25.018961,2,受傷事故,和平東路1、2、3段,2,惡化,重度惡化
121.523595,25.026365,1,受傷事故,羅斯福路1、2段,2,惡化,微幅改善
121.569428,25.048983,1,受傷事故,光復南北路,2,惡化,輕微惡化
121.549637,25.051919,1,受傷事故,南京東西路,2,惡化,中度惡化
121.566179,25.082674,1,受傷事故,內湖路1段,2,惡化,中度惡化
121.569309,25.051076,2,受傷事故,南京東西路,2,惡化,中度惡化
121.557496,25.044719,3,受傷事故,光復南北路,3,惡化,輕微惡化
121.528045,25.052292,1,受傷事故,南京東西路,3,惡化,中度惡化
121.532771,25.049866,2,受傷事故,松江路,2,惡化,重度惡化
121.523358,25.044426,1,受傷事故,愛國東路,3,惡化,輕微惡化
121.51763,25.034351,1,受傷事故,愛國東路,2,惡化,輕微惡化
121.523358,25.068299,1,受傷事故,民族東路,2,惡化,重度惡化
121.569428,25.048983,1,受傷事故,基隆路1段,2,惡化,輕微惡化
121.549091,25.062857,1,受傷事故,民族東路,2,惡化,重度惡化
121.509676,25.045559,1,受傷事故,中華路1段,2,惡化,重度惡化
121.544132,25.044899,2,受傷事故,八德路3段,3,改善,有效改善
121.556323,25.020177,1,受傷事故,和平東路1、2、3段,2,惡化,重度惡化
121.564972,25.051615,2,受傷事故,南京東西路,3,惡化,中度惡化
121.524122,25.048074,1,受傷事故,南京東西路,2,惡化,中度惡化
121.521126,25.048372,1,受傷事故,南京東西路,2,惡化,中度惡化
121.528045,25.052292,1,受傷事故,南京東西路,2,惡化,中度惡化
121.586546,25.059114,2,受傷事故,南京東西路,3,惡化,中度惡化
121.564279,25.063275,1,受傷事故,復興北路,2,惡化,中度惡化
121.580096,25.045003,2,受傷事故,中坡北路,2,改善,有效改善
121.560711,25.052163,1,受傷事故,南京東西路,2,惡化,中度惡化
121.530468,25.028428,2,受傷事故,和平東路1、2、3段,2,惡化,重度惡化
121.543796,25.05082,1,受傷事故,復興北路,2,惡化,中度惡化
121.560655,25.050609,1,受傷事故,南京東西路,2,惡化,中度惡化
121.523358,25.068299,1,受傷事故,民族東路,2,惡化,重度惡化
121.582714,25.045632,2,受傷事故,忠孝東路6段,2,改善,微幅改善
121.55304,25.024194,1,受傷事故,和平東路1、2、3段,2,惡化,重度惡化
121.55237,25.052727,2,受傷事故,健康路,2,改善,微幅改善
121.528014,25.062951,3,受傷事故,民族東路,4,惡化,重度惡化
121.552475,25.047933,2,受傷事故,八德路3段,3,改善,有效改善
121.568417,25.048231,1,受傷事故,基隆路1段,2,惡化,輕微惡化
121.528014,25.062951,1,受傷事故,南京東西路,2,惡化,中度惡化
121.560847,25.033179,2,受傷事故,基隆路1段,3,惡化,輕微惡化
121.57822,25.078711,1,受傷事故,內湖路1段,3,惡化,中度惡化
121.573338,25.081043,1,受傷事故,內湖路1段,3,惡化,中度惡化
121.552432,25.052291,2,受傷事故,健康路,3,改善,微幅改善
121.561933,25.051662,1,受傷事故,南京東西路,2,惡化,中度惡化
121.566401,25.043552,1,受傷事故,中坡北路,2,改善,有效改善
121.521621,25.102145,1,受傷事故,福國路,2,惡化,重度惡化
121.55067,25.047545,2,受傷事故,八德路3段,2,改善,有效改善
121.569768,25.056325,1,受傷事故,塔悠路,2,惡化,重度惡化
121.564279,25.063275,2,受傷事故,復興北路,2,惡化,中度惡化
121.528045,25.052292,1,受傷事故,南京東西路,2,惡化,中度惡化
121.510583,25.04736,1,受傷事故,中華路1段,2,惡化,重度惡化
121.510583,25.04736,2,受傷事故,中華路1段,3,惡化,重度惡化
121.570065,25.050049,3,受傷事故,八德路4段,3,惡化,輕微惡化
121.507589,25.041208,1,受傷事故,中華路1段,3,惡化,重度惡化
121.544158,25.047968,1,受傷事故,復興北路,2,惡化,中度惡化
121.521809,25.027573,1,受傷事故,羅斯福路1、2段,2,惡化,微幅改善
121.569428,25.048983,1,受傷事故,基隆路1段,2,惡化,輕微惡化
121.528045,25.052292,1,受傷事故,南京東西路,2,惡化,中度惡化
121.549637,25.051919,1,受傷事故,南京東西路,2,惡化,中度惡化
121.517403,25.04549,2,受傷事故,公園路,2,惡化,中度惡化
121.520816,25.02961,1,受傷事故,愛國東路,2,惡化,輕微惡化
121.520332,25.052505,1,受傷事故,南京東西路,1,惡化,中度惡化
121.549637,25.051919,1,受傷事故,南京東西路,2,惡化,中度惡化
121.574359,25.080532,1,受傷事故,內湖路1段,2,惡化,中度惡化
121.559397,25.048238,2,受傷事故,八德路4段,2,惡化,輕微惡化
121.544158,25.047968,1,受傷事故,復興北路,2,惡化,中度惡化
121.569914,25.055667,1,受傷事故,塔悠路,2,惡化,重度惡化
121.526205,25.031599,1,受傷事故,愛國東路,2,惡化,輕微惡化
121.563614,25.083926,2,受傷事故,內湖路1段,2,惡化,中度惡化
121.556858,25.045548,1,受傷事故,八德路4段,2,惡化,輕微惡化
121.521073,25.032755,2,受傷事故,愛國東路,2,惡化,輕微惡化
121.581839,25.044454,1,受傷事故,中坡北路,2,改善,有效改善
121.535059,25.045107,2,受傷事故,復興北路,2,惡化,中度惡化
121.558308,25.050601,3,受傷事故,光復南北路,3,惡化,輕微惡化
121.533413,25.061945,1,受傷事故,松江路,2,惡化,重度惡化
121.556935,25.042289,2,受傷事故,光復南北路,2,惡化,輕微惡化
121.564787,25.042092,1,受傷事故,基隆路1段,2,惡化,輕微惡化
121.523358,25.068299,1,受傷事故,民族東路,2,惡化,重度惡化
121.557931,25.043917,2,受傷事故,光復南北路,2,惡化,輕微惡化
121.509197,25.047844,1,受傷事故,中華路1段,2,惡化,重度惡化
121.523315,25.026219,1,受傷事故,羅斯福路1、2段,2,惡化,微幅改善
121.506865,25.036456,1,受傷事故,寶慶路,2,惡化,中度惡化
121.523152,25.054866,2,受傷事故,松江路,3,惡化,重度惡化
121.511844,25.054072,2,受傷事故,南京東西路,2,惡化,中度惡化
121.584412,25.049059,1,受傷事故,八德路4段,2,惡化,輕微惡化
121.520332,25.052505,1,受傷事故,南京東西路,2,惡化,中度惡化
121.549637,25.051919,1,受傷事故,南京東西路,2,惡化,中度惡化
121.510583,25.04736,3,受傷事故,中華路1段,4,惡化,重度惡化
121.544158,25.047968,1,受傷事故,南京東西路,1,惡化,中度惡化
121.557103,25.048013,1,受傷事故,八德路3段,2,改善,有效改善
121.57782,25.079208,1,受傷事故,內湖路1段,2,惡化,中度惡化
121.560047,25.048241,1,受傷事故,八德路4段,3,惡化,輕微惡化
121.510583,25.04736,1,受傷事故,中華路1段,3,惡化,重度惡化
121.525022,25.10256,1,受傷事故,福林路,2,惡化,中度惡化
121.534783,25.100148,1,受傷事故,福林路,2,惡化,中度惡化
121.543715,25.047768,1,受傷事故,復興北路,2,惡化,中度惡化
121.554257,25.045038,2,受傷事故,八德路3段,2,改善,有效改善
121.563109,25.036083,1,受傷事故,基隆路1段,2,惡化,輕微惡化
121.544985,25.061767,2,受傷事故,復興北路,2,惡化,中度惡化
121.570414,25.052537,2,受傷事故,塔悠路,2,惡化,重度惡化
121.525135,25.102125,1,受傷事故,福國路,2,惡化,重度惡化
121.544158,25.047968,2,受傷事故,復興北路,3,惡化,中度惡化
121.523358,25.068299,2,受傷事故,民族東路,3,惡化,重度惡化
121.510583,25.04736,1,受傷事故,中華路1段,2,惡化,重度惡化
121.546246,25.064468,1,受傷事故,民族東路,2,惡化,重度惡化
121.53431,25.067706,2,受傷事故,建國北路3段,2,改善,有效改善
121.584412,25.049059,1,受傷事故,忠孝東路6段,2,改善,微幅改善
121.578385,25.079018,1,受傷事故,內湖路1段,2,惡化,中度惡化
121.567909,25.082533,1,受傷事故,內湖路1段,2,惡化,中度惡化
121.540887,25.025005,3,受傷事故,和平東路1、2、3段,3,惡化,重度惡化
121.587601,25.048755,1,受傷事故,忠孝東路6段,2,改善,微幅改善
121.544714,25.066113,1,受傷事故,民族東路,2,惡化,重度惡化
121.560419,25.056322,1,受傷事故,健康路,2,改善,微幅改善
121.551072,25.100314,1,受傷事故,至善路2段,2,改善,有效改善
121.553929,25.051435,3,受傷事故,南京東西路,3,惡化,中度惡化
121.580915,25.05744,1,受傷事故,南京東西路,2,惡化,中度惡化
121.549637,25.051919,2,受傷事故,南京東西路,2,惡化,中度惡化
121.529714,25.054981,1,受傷事故,南京東西路,2,惡化,中度惡化
121.535059,25.045107,4,受傷事故,復興北路,4,惡化,中度惡化
121.528045,25.052292,1,受傷事故,南京東西路,2,惡化,中度惡化
121.515613,25.053896,2,受傷事故,南京東西路,4,惡化,中度惡化
121.586546,25.059114,1,受傷事故,南京東西路,2,惡化,中度惡化
121.537137,25.04643,1,受傷事故,南京東西路,2,惡化,中度惡化
121.570678,25.04971,1,受傷事故,八德路4段,2,惡化,輕微惡化
121.549695,25.054207,1,受傷事故,健康路,2,改善,微幅改善
121.560567,25.048591,1,受傷事故,八德路4段,2,惡化,輕微惡化
121.570504,25.048287,1,受傷事故,基隆路1段,2,惡化,輕微惡化
121.517403,25.04549,1,受傷事故,公園路,2,惡化,中度惡化
121.530421,25.05686,2,受傷事故,松江路,2,惡化,重度惡化
121.584412,25.049059,1,受傷事故,忠孝東路6段,2,改善,微幅改善
121.535956,25.068019,2,受傷事故,民族東路,2,惡化,重度惡化
121.544191,25.048788,3,受傷事故,復興北路,3,惡化,中度惡化
121.512176,25.041343,3,受傷事故,寶慶路,3,惡化,中度惡化
121.526726,25.051904,1,受傷事故,南京東西路,2,惡化,中度惡化
121.556869,25.020771,1,受傷事故,和平東路1、2、3段,2,惡化,重度惡化
121.558335,25.048684,1,受傷事故,八德路4段,2,惡化,輕微惡化
121.55556,25.058427,1,受傷事故,塔悠路,2,惡化,重度惡化
121.569428,25.048983,1,受傷事故,基隆路1段,2,惡化,輕微惡化
121.571059,25.081848,2,受傷事故,內湖路1段,4,惡化,中度惡化
121.546792,25.051524,2,受傷事故,南京東西路,3,惡化,中度惡化
121.533455,25.059197,1,受傷事故,松江路,2,惡化,重度惡化
121.560847,25.033179,1,受傷事故,基隆路1段,2,惡化,輕微惡化
121.564279,25.063275,3,受傷事故,復興北路,3,惡化,中度惡化
121.517403,25.04549,1,受傷事故,公園路,2,惡化,中度惡化
121.543715,25.047768,1,受傷事故,復興北路,2,惡化,中度惡化
121.55749,25.04195,1,受傷事故,光復南北路,2,惡化,輕微惡化
121.506311,25.037434,1,受傷事故,中華路1段,1,惡化,重度惡化
121.539517,25.025207,1,受傷事故,和平東路1、2、3段,3,惡化,重度惡化
121.517403,25.04549,1,受傷事故,公園路,2,惡化,中度惡化
121.572306,25.050215,1,受傷事故,塔悠路,2,惡化,重度惡化
121.565879,25.050207,1,受傷事故,南京東西路,2,惡化,中度惡化
121.580884,25.045517,1,受傷事故,忠孝東路6段,2,改善,微幅改善
121.528045,25.052292,1,受傷事故,南京東西路,2,惡化,中度惡化
121.532332,25.053965,1,受傷事故,松江路,2,惡化,重度惡化
121.569593,25.057176,2,受傷事故,塔悠路,2,惡化,重度惡化
121.520332,25.052505,1,受傷事故,南京東西路,2,惡化,中度惡化
121.543715,25.047768,2,受傷事故,復興北路,3,惡化,中度惡化
121.534385,25.025127,3,受傷事故,新生南路3段,3,惡化,重度惡化
121.580405,25.045729,1,受傷事故,中坡北路,2,改善,有效改善
121.57996,25.050304,1,受傷事故,八德路4段,2,惡化,輕微惡化
121.528045,25.052292,2,受傷事故,南京東西路,3,惡化,中度惡化
121.547465,25.024833,1,受傷事故,和平東路1、2、3段,2,惡化,重度惡化
121.580459,25.04596,1,受傷事故,中坡北路,2,改善,有效改善
121.536422,25.066492,1,受傷事故,建國北路3段,2,改善,有效改善
121.558319,25.028575,1,受傷事故,和平東路1、2、3段,2,惡化,重度惡化
121.55806,25.050274,1,受傷事故,光復南北路,3,惡化,輕微惡化
121.560823,25.054991,1,受傷事故,健康路,2,改善,微幅改善
121.558077,25.109956,2,受傷事故,至善路2段,2,改善,有效改善
121.567124,25.045186,1,受傷事故,基隆路1段,2,惡化,輕微惡化
121.584412,25.049059,1,受傷事故,忠孝東路6段,2,改善,微幅改善
121.552494,25.052508,1,受傷事故,健康路,2,改善,微幅改善
121.528045,25.052292,1,受傷事故,南京東西路,1,惡化,中度惡化
121.510583,25.04736,1,受傷事故,中華路1段,2,惡化,重度惡化
121.510583,25.04736,1,受傷事故,中華路1段,2,惡化,重度惡化
121.549637,25.051919,2,受傷事故,南京東西路,3,惡化,中度惡化
121.544563,25.013338,1,受傷事故,基隆路3段,2,惡化,輕微惡化
121.569428,25.048983,1,受傷事故,基隆路1段,2,惡化,輕微惡化
121.563208,25.087036,1,受傷事故,內湖路1段,2,惡化,中度惡化
121.562454,25.084022,1,受傷事故,內湖路1段,1,惡化,中度惡化
121.560025,25.04824,3,受傷事故,八德路4段,3,惡化,輕微惡化
121.567933,25.082899,1,受傷事故,內湖路1段,2,惡化,中度惡化
121.544714,25.066113,1,受傷事故,民族東路,2,惡化,重度惡化
121.559398,25.032416,1,受傷事故,光復南北路,2,惡化,輕微惡化
121.563507,25.05463,1,受傷事故,健康路,2,改善,微幅改善
121.530248,25.094587,1,受傷事故,福林路,2,惡化,中度惡化
121.516784,25.04909,1,受傷事故,南京東西路,1,惡化,中度惡化
121.560761,25.048943,2,受傷事故,八德路4段,3,惡化,輕微惡化
121.566991,25.082322,1,受傷事故,內湖路1段,2,惡化,中度惡化
121.553079,25.053604,2,受傷事故,健康路,3,改善,微幅改善
121.528045,25.052292,2,受傷事故,南京東西路,2,惡化,中度惡化
121.556245,25.057448,1,受傷事故,八德路4段,2,惡化,輕微惡化
121.559398,25.032416,1,受傷事故,和平東路1、2、3段,2,惡化,重度惡化
121.528045,25.052292,1,受傷事故,南京東西路,2,惡化,中度惡化
121.557496,25.044719,1,受傷事故,光復南北路,2,惡化,輕微惡化
121.53599,25.066824,1,受傷事故,建國北路3段,2,改善,有效改善
121.519586,25.043966,1,受傷事故,愛國東路,2,惡化,輕微惡化
121.530248,25.094587,1,受傷事故,福林路,2,惡化,中度惡化
121.530421,25.05686,1,受傷事故,松江路,2,惡化,重度惡化
121.55556,25.058427,1,受傷事故,塔悠路,2,惡化,重度惡化
121.528045,25.052292,1,受傷事故,南京東西路,2,惡化,中度惡化
121.557205,25.046149,1,受傷事故,八德路3段,2,改善,有效改善
121.54222,25.067668,3,受傷事故,民族東路,3,惡化,重度惡化
121.527936,25.058174,2,受傷事故,松江路,2,惡化,重度惡化
121.568285,25.050774,1,受傷事故,南京東西路,2,惡化,中度惡化
121.510583,25.04736,1,受傷事故,中華路1段,2,惡化,重度惡化
121.517403,25.04549,1,受傷事故,公園路,2,惡化,中度惡化
121.527227,25.057539,1,受傷事故,松江路,2,惡化,重度惡化
121.528045,25.052292,1,受傷事故,南京東西路,2,惡化,中度惡化
121.524122,25.048074,1,受傷事故,南京東西路,2,惡化,中度惡化
121.56446,25.012438,3,受傷事故,和平東路1、2、3段,3,惡化,重度惡化
121.543715,25.047768,1,受傷事故,復興北路,5,惡化,中度惡化
121.528045,25.052292,3,受傷事故,南京東西路,3,惡化,中度惡化
121.557719,25.036442,1,受傷事故,光復南北路,2,惡化,輕微惡化
121.544127,25.033562,2,受傷事故,光復南北路,2,惡化,輕微惡化
121.592479,25.053844,1,受傷事故,忠孝東路6段,2,改善,微幅改善
121.552494,25.052508,1,受傷事故,健康路,2,改善,微幅改善
121.56108,25.0484,1,受傷事故,八德路4段,2,惡化,輕微惡化
121.528045,25.052292,1,受傷事故,南京東西路,3,惡化,中度惡化
121.57996,25.050304,1,受傷事故,八德路4段,2,惡化,輕微惡化
121.557466,25.043668,2,受傷事故,光復南北路,3,惡化,輕微惡化
121.530421,25.05686,2,受傷事故,松江路,2,惡化,重度惡化
121.531576,25.050699,1,受傷事故,松江路,2,惡化,重度惡化
121.510811,25.047463,2,受傷事故,中華路1段,3,惡化,重度惡化
121.530603,25.095858,3,受傷事故,福林路,3,惡化,中度惡化
121.567124,25.045186,1,受傷事故,基隆路1段,2,惡化,輕微惡化
121.534062,25.097892,1,受傷事故,福林路,3,惡化,中度惡化
121.550443,25.100004,1,受傷事故,至善路2段,1,改善,有效改善
121.530193,25.048646,1,受傷事故,松江路,2,惡化,重度惡化
121.565242,25.041291,1,受傷事故,光復南北路,2,惡化,輕微惡化
121.569428,25.048983,3,受傷事故,基隆路1段,3,惡化,輕微惡化
121.555176,25.04764,1,受傷事故,八德路3段,2,改善,有效改善
121.588199,25.048687,2,受傷事故,忠孝東路6段,2,改善,微幅改善
121.510583,25.04736,1,受傷事故,中華路1段,2,惡化,重度惡化
121.564279,25.063275,1,受傷事故,塔悠路,2,惡化,重度惡化
121.523358,25.068299,1,受傷事故,民族東路,2,惡化,重度惡化
121.547616,25.064014,1,受傷事故,民族東路,2,惡化,重度惡化
121.517403,25.04549,2,受傷事故,公園路,3,惡化,中度惡化
121.557388,25.019383,1,受傷事故,和平東路1、2、3段,2,惡化,重度惡化
121.564279,25.063275,2,受傷事故,光復南北路,2,惡化,輕微惡化
121.56066,25.050688,1,受傷事故,南京東西路,2,惡化,中度惡化
121.522831,25.052609,1,受傷事故,民族東路,2,惡化,重度惡化
121.517611,25.052144,2,受傷事故,南京東西路,2,惡化,中度惡化
121.565884,25.043054,1,受傷事故,基隆路1段,2,惡化,輕微惡化
121.557703,25.035682,4,受傷事故,光復南北路,4,惡化,輕微惡化
121.557993,25.048456,2,受傷事故,光復南北路,2,惡化,輕微惡化
121.536866,25.065586,1,受傷事故,建國北路3段,2,改善,有效改善
121.526914,25.06822,2,受傷事故,民族東路,3,惡化,重度惡化
121.562651,25.050733,1,受傷事故,八德路4段,2,惡化,輕微惡化
121.530248,25.094587,1,受傷事故,福林路,2,惡化,中度惡化
121.530248,25.094587,2,受傷事故,福林路,2,惡化,中度惡化
121.564279,25.063275,1,受傷事故,光復南北路,2,惡化,輕微惡化
121.550123,25.046267,1,受傷事故,八德路3段,2,改善,有效改善
121.571091,25.051295,1,受傷事故,塔悠路,2,惡化,重度惡化
121.564753,25.049177,2,受傷事故,八德路4段,3,惡化,輕微惡化
121.554402,25.022268,1,受傷事故,和平東路1、2、3段,2,惡化,重度惡化
121.58052,25.080953,1,受傷事故,內湖路1段,2,惡化,中度惡化
121.550928,25.051424,1,受傷事故,南京東西路,1,惡化,中度惡化
121.549637,25.051919,2,受傷事故,南京東西路,2,惡化,中度惡化
121.544421,25.059805,1,受傷事故,復興北路,2,惡化,中度惡化
121.561376,25.051265,1,受傷事故,南京東西路,2,惡化,中度惡化
121.558442,25.08507,2,受傷事故,內湖路1段,2,惡化,中度惡化
121.54816,25.02071,3,受傷事故,光復南北路,4,惡化,輕微惡化
121.558442,25.08507,1,受傷事故,內湖路1段,2,惡化,中度惡化
121.570494,25.081028,1,受傷事故,內湖路1段,2,惡化,中度惡化
121.549637,25.051919,1,受傷事故,南京東西路,2,惡化,中度惡化
121.545638,25.052012,2,受傷事故,南京東西路,4,惡化,中度惡化
121.561626,25.050343,2,受傷事故,光復南北路,3,惡化,輕微惡化
121.557828,25.036991,1,受傷事故,基隆路1段,2,惡化,輕微惡化
121.558319,25.028575,1,受傷事故,和平東路1、2、3段,3,惡化,重度惡化
121.53384,25.070352,1,受傷事故,松江路,2,惡化,重度惡化
121.557481,25.049111,2,受傷事故,光復南北路,3,惡化,輕微惡化
121.535515,25.042214,2,受傷事故,光復南北路,3,惡化,輕微惡化
121.517403,25.04549,1,受傷事故,公園路,2,惡化,中度惡化
121.566975,25.082391,5,受傷事故,內湖路1段,6,惡化,中度惡化
121.569864,25.055904,1,受傷事故,塔悠路,2,惡化,重度惡化
121.534242,25.098116,1,受傷事故,福林路,1,惡化,中度惡化
121.569422,25.04823,1,受傷事故,基隆路1段,2,惡化,輕微惡化
121.554584,25.04493,3,受傷事故,八德路3段,3,改善,有效改善
121.530067,25.026274,1,受傷事故,和平東路1、2、3段,2,惡化,重度惡化
121.557766,25.03703,1,受傷事故,光復南北路,2,惡化,輕微惡化
121.560761,25.048943,1,受傷事故,八德路4段,2,惡化,輕微惡化
121.555257,25.021583,1,受傷事故,和平東路1、2、3段,2,惡化,重度惡化
121.55549,25.055247,1,受傷事故,健康路,2,改善,微幅改善
121.55304,25.024194,1,受傷事故,和平東路1、2、3段,2,惡化,重度惡化
121.542019,25.025752,1,受傷事故,和平東路1、2、3段,2,惡化,重度惡化
121.56133,25.054354,1,受傷事故,健康路,2,改善,微幅改善
121.55782,25.040243,2,受傷事故,光復南北路,2,惡化,輕微惡化
121.565825,25.043877,1,受傷事故,基隆路1段,1,惡化,輕微惡化
121.549637,25.051919,1,受傷事故,南京東西路,2,惡化,中度惡化
121.58291,25.050174,1,受傷事故,忠孝東路6段,2,改善,微幅改善
121.579749,25.05157,1,受傷事故,八德路4段,3,惡化,輕微惡化
121.544369,25.013269,2,受傷事故,基隆路3段,2,惡化,輕微惡化
121.569253,25.052,2,受傷事故,南京東西路,3,惡化,中度惡化
121.566991,25.082322,2,受傷事故,內湖路1段,3,惡化,中度惡化
121.530603,25.095858,1,受傷事故,福林路,2,惡化,中度惡化
121.573338,25.081043,1,受傷事故,內湖路1段,2,惡化,中度惡化
121.583721,25.04632,2,受傷事故,忠孝東路6段,3,改善,微幅改善
121.535248,25.025044,1,受傷事故,新生南路3段,2,惡化,重度惡化
121.569428,25.048983,1,受傷事故,基隆路1段,2,惡化,輕微惡化
121.543453,25.049247,2,受傷事故,復興北路,2,惡化,中度惡化
121.557383,25.036545,1,受傷事故,光復南北路,2,惡化,輕微惡化
121.518677,25.052378,1,受傷事故,南京東西路,2,惡化,中度惡化
121.510583,25.04736,1,受傷事故,寶慶路,2,惡化,中度惡化
121.557931,25.043917,1,受傷事故,光復南北路,2,惡化,輕微惡化
121.548872,25.082975,1,受傷事故,內湖路1段,2,惡化,中度惡化
121.533131,25.045912,1,受傷事故,松江路,2,惡化,重度惡化
121.514286,25.046392,1,受傷事故,寶慶路,2,惡化,中度惡化
121.524465,25.027113,1,受傷事故,和平東路1、2、3段,2,惡化,重度惡化
121.507761,25.038869,1,受傷事故,中華路1段,2,惡化,重度惡化
121.561111,25.034254,1,受傷事故,基隆路1段,2,惡化,輕微惡化
121.543779,25.066056,1,受傷事故,復興北路,2,惡化,中度惡化
121.55302,25.020468,1,受傷事故,和平東路1、2、3段,2,惡化,重度惡化
121.507769,25.053735,2,受傷事故,南京東西路,2,惡化,中度惡化
121.530248,25.094587,1,受傷事故,福林路,2,惡化,中度惡化
121.518225,25.05243,1,受傷事故,南京東西路,2,惡化,中度惡化
121.530797,25.051863,1,受傷事故,南京東西路,2,惡化,中度惡化
121.549637,25.051919,1,受傷事故,南京東西路,2,惡化,中度惡化
121.532953,25.060161,1,受傷事故,松江路,2,惡化,重度惡化
121.562929,25.082857,1,受傷事故,內湖路1段,2,惡化,中度惡化
121.543909,25.059035,1,受傷事故,復興北路,2,惡化,中度惡化
121.558116,25.019383,2,受傷事故,和平東路1、2、3段,3,惡化,重度惡化
121.544512,25.060217,1,受傷事故,復興北路,2,惡化,中度惡化
121.516784,25.04909,2,受傷事故,南京東西路,2,惡化,中度惡化
121.528045,25.052292,1,受傷事故,南京東西路,2,惡化,中度惡化
121.550963,25.100394,1,受傷事故,至善路2段,3,改善,有效改善
121.558657,25.017859,1,受傷事故,和平東路1、2、3段,2,惡化,重度惡化
121.569428,25.048983,2,受傷事故,基隆路1段,2,惡化,輕微惡化
121.568456,25.059439,1,受傷事故,塔悠路,2,惡化,重度惡化
121.533843,25.070695,2,受傷事故,松江路,2,惡化,重度惡化
121.566229,25.050806,1,受傷事故,南京東西路,2,惡化,中度惡化
121.565242,25.041291,1,受傷事故,光復南北路,2,惡化,輕微惡化
121.524512,25.024625,1,受傷事故,羅斯福路1、2段,2,惡化,微幅改善
121.522273,25.027618,2,受傷事故,羅斯福路1、2段,3,惡化,微幅改善
121.543049,25.097404,1,受傷事故,至善路2段,2,改善,有效改善
121.520332,25.052505,1,受傷事故,南京東西路,2,惡化,中度惡化
121.544638,25.053569,2,受傷事故,復興北路,2,惡化,中度惡化
121.530248,25.094587,2,受傷事故,福林路,2,惡化,中度惡化
121.515294,25.037544,1,受傷事故,公園路,2,惡化,中度惡化
121.574686,25.080417,1,受傷事故,內湖路1段,3,惡化,中度惡化
121.560761,25.048943,3,受傷事故,八德路4段,4,惡化,輕微惡化
121.557993,25.048456,1,受傷事故,光復南北路,3,惡化,輕微惡化
121.518207,25.033321,2,受傷事故,羅斯福路1、2段,3,惡化,微幅改善
121.567124,25.045186,1,受傷事故,基隆路1段,2,惡化,輕微惡化
121.544985,25.061767,1,受傷事故,復興北路,2,惡化,中度惡化
121.509197,25.047844,1,受傷事故,中華路1段,2,惡化,重度惡化
121.524122,25.048074,1,受傷事故,南京東西路,2,惡化,中度惡化
121.530193,25.048646,1,受傷事故,松江路,2,惡化,重度惡化
121.554488,25.053674,1,受傷事故,健康路,2,改善,微幅改善
121.570635,25.050079,1,受傷事故,八德路4段,1,惡化,輕微惡化
121.544158,25.047968,1,受傷事故,復興北路,3,惡化,中度惡化
121.557792,25.03328,4,受傷事故,光復南北路,4,惡化,輕微惡化
121.551072,25.100314,1,受傷事故,至善路2段,2,改善,有效改善
121.556386,25.048462,2,受傷事故,八德路3段,2,改善,有效改善
121.533682,25.052679,2,受傷事故,南京東西路,3,惡化,中度惡化
121.543826,25.065261,1,受傷事故,復興北路,2,惡化,中度惡化
121.508529,25.041335,1,受傷事故,中華路1段,2,惡化,重度惡化
121.520332,25.052505,1,受傷事故,南京東西路,2,惡化,中度惡化
121.537137,25.04643,1,受傷事故,南京東西路,2,惡化,中度惡化
121.559259,25.085359,1,受傷事故,內湖路1段,4,惡化,中度惡化
121.518226,25.032388,1,受傷事故,羅斯福路1、2段,2,惡化,微幅改善
121.560103,25.016445,2,受傷事故,和平東路1、2、3段,2,惡化,重度惡化
121.533688,25.019794,1,受傷事故,新生南路3段,2,惡化,重度惡化
121.530248,25.094587,1,受傷事故,福林路,2,惡化,中度惡化
121.569989,25.055259,2,受傷事故,塔悠路,2,惡化,重度惡化
121.560747,25.053661,2,受傷事故,南京東西路,2,惡化,中度惡化
121.572455,25.074819,3,受傷事故,內湖路1段,3,惡化,中度惡化
121.519974,25.052873,1,受傷事故,南京東西路,3,惡化,中度惡化
121.517403,25.04549,1,受傷事故,公園路,1,惡化,中度惡化
121.510583,25.04736,1,受傷事故,中華路1段,2,惡化,重度惡化
121.523945,25.026774,1,受傷事故,和平東路1、2、3段,2,惡化,重度惡化
121.55237,25.052727,1,受傷事故,健康路,2,改善,微幅改善
121.558079,25.019877,1,受傷事故,和平東路1、2、3段,2,惡化,重度惡化
121.517403,25.04549,1,受傷事故,公園路,2,惡化,中度惡化
121.556318,25.040386,1,受傷事故,光復南北路,2,惡化,輕微惡化
121.556312,25.04692,1,受傷事故,光復南北路,2,惡化,輕微惡化
121.586546,25.059114,1,受傷事故,南京東西路,2,惡化,中度惡化
121.528045,25.052292,2,受傷事故,南京東西路,3,惡化,中度惡化
121.522831,25.052609,2,受傷事故,南京東西路,3,惡化,中度惡化
121.541875,25.066205,1,受傷事故,民族東路,2,惡化,重度惡化
121.561087,25.048188,1,受傷事故,八德路4段,2,惡化,輕微惡化
121.510583,25.04736,1,受傷事故,中華路1段,2,惡化,重度惡化
121.539696,25.064478,1,受傷事故,民族東路,2,惡化,重度惡化
121.55567,25.057411,1,受傷事故,光復南北路,2,惡化,輕微惡化
121.560498,25.017637,2,受傷事故,和平東路1、2、3段,2,惡化,重度惡化
121.534921,25.024692,1,受傷事故,新生南路3段,2,惡化,重度惡化
121.572306,25.050215,1,受傷事故,塔悠路,2,惡化,重度惡化
121.552475,25.047933,1,受傷事故,八德路3段,2,改善,有效改善
121.585168,25.047815,1,受傷事故,忠孝東路6段,2,改善,微幅改善
121.557931,25.043917,2,受傷事故,光復南北路,2,惡化,輕微惡化
121.564657,25.04312,1,受傷事故,基隆路1段,2,惡化,輕微惡化
121.544096,25.063685,1,受傷事故,復興北路,2,惡化,中度惡化
121.551875,25.045415,1,受傷事故,八德路3段,2,改善,有效改善
121.507701,25.038504,1,受傷事故,中華路1段,2,惡化,重度惡化
121.528045,25.052292,2,受傷事故,南京東西路,2,惡化,中度惡化
121.563109,25.036083,1,受傷事故,基隆路1段,2,惡化,輕微惡化
121.549637,25.051919,1,受傷事故,南京東西路,1,惡化,中度惡化
121.508341,25.044156,1,受傷事故,中華路1段,2,惡化,重度惡化
121.550366,25.051907,1,受傷事故,南京東西路,1,惡化,中度惡化
121.530248,25.094587,2,受傷事故,福林路,3,惡化,中度惡化
121.560954,25.050953,1,受傷事故,南京東西路,2,惡化,中度惡化
121.514286,25.046392,1,受傷事故,寶慶路,2,惡化,中度惡化
121.544408,25.05818,2,受傷事故,復興北路,4,惡化,中度惡化
121.557618,25.04644,1,受傷事故,八德路4段,2,惡化,輕微惡化
121.577171,25.049854,1,受傷事故,八德路4段,2,惡化,輕微惡化
121.557496,25.044719,1,受傷事故,光復南北路,3,惡化,輕微惡化
121.5565,25.047304,1,受傷事故,光復南北路,2,惡化,輕微惡化
121.517403,25.04549,1,受傷事故,公園路,2,惡化,中度惡化
121.54816,25.02071,1,受傷事故,基隆路3段,2,惡化,輕微惡化
121.542317,25.067713,1,受傷事故,民族東路,2,惡化,重度惡化
121.525135,25.102125,3,受傷事故,福國路,3,惡化,重度惡化
121.506865,25.036456,1,受傷事故,寶慶路,2,惡化,中度惡化
121.557108,25.045506,1,受傷事故,光復南北路,2,惡化,輕微惡化
121.547798,25.024481,2,受傷事故,和平東路1、2、3段,4,惡化,重度惡化
121.539773,25.097169,1,受傷事故,福林路,2,惡化,中度惡化
121.556304,25.043375,2,受傷事故,光復南北路,2,惡化,輕微惡化
121.563531,25.012165,1,受傷事故,和平東路1、2、3段,2,惡化,重度惡化
121.558063,25.048338,1,受傷事故,復興北路,2,惡化,中度惡化
121.565855,25.082128,1,受傷事故,內湖路1段,2,惡化,中度惡化
121.573156,25.08179,2,受傷事故,內湖路1段,2,惡化,中度惡化
121.549637,25.051919,1,受傷事故,南京東西路,2,惡化,中度惡化
121.567019,25.084454,3,受傷事故,內湖路1段,3,惡化,中度惡化
121.556997,25.048234,1,受傷事故,八德路3段,2,改善,有效改善
121.566263,25.08146,1,受傷事故,內湖路1段,3,惡化,中度惡化
121.549167,25.024405,1,受傷事故,和平東路1、2、3段,2,惡化,重度惡化
121.522831,25.052609,1,受傷事故,南京東西路,2,惡化,中度惡化
121.54423,25.05055,1,受傷事故,復興北路,2,惡化,中度惡化
121.560761,25.048943,2,受傷事故,八德路4段,2,惡化,輕微惡化
121.549637,25.051919,1,受傷事故,南京東西路,2,惡化,中度惡化
121.536717,25.065937,1,受傷事故,建國北路3段,2,改善,有效改善
121.523281,25.057154,1,受傷事故,民族東路,2,惡化,重度惡化
121.534904,25.058508,1,受傷事故,松江路,2,惡化,重度惡化
121.523244,25.053905,1,受傷事故,南京東西路,3,惡化,中度惡化
121.521458,25.032657,1,受傷事故,愛國東路,2,惡化,輕微惡化
121.546916,25.052506,1,受傷事故,南京東西路,2,惡化,中度惡化
121.536717,25.065937,1,受傷事故,建國北路3段,2,改善,有效改善
121.51803,25.034171,1,受傷事故,愛國東路,2,惡化,輕微惡化
121.592479,25.053844,2,受傷事故,忠孝東路6段,2,改善,微幅改善
121.557101,25.047416,1,受傷事故,光復南北路,2,惡化,輕微惡化
121.577119,25.049852,1,受傷事故,八德路4段,3,惡化,輕微惡化
121.563592,25.011955,2,受傷事故,和平東路1、2、3段,2,惡化,重度惡化
121.516784,25.04909,1,受傷事故,南京東西路,1,惡化,中度惡化
121.557049,25.035495,1,受傷事故,光復南北路,2,惡化,輕微惡化
121.57809,25.081869,1,受傷事故,內湖路1段,2,惡化,中度惡化
121.549637,25.051919,1,受傷事故,南京東西路,2,惡化,中度惡化
121.544369,25.013269,1,受傷事故,基隆路3段,2,惡化,輕微惡化
121.548171,25.024459,1,受傷事故,和平東路1、2、3段,2,惡化,重度惡化
121.577802,25.079761,1,受傷事故,內湖路1段,2,惡化,中度惡化
121.543796,25.05082,2,受傷事故,復興北路,2,惡化,中度惡化
121.568841,25.082255,1,受傷事故,內湖路1段,2,惡化,中度惡化
121.569428,25.048983,1,受傷事故,基隆路1段,2,惡化,輕微惡化
121.553462,25.051447,1,受傷事故,南京東西路,2,惡化,中度惡化
121.534733,25.097825,2,受傷事故,福林路,3,惡化,中度惡化
121.51763,25.034351,1,受傷事故,愛國東路,2,惡化,輕微惡化
121.569428,25.048983,1,受傷事故,基隆路1段,2,惡化,輕微惡化
121.516784,25.04909,1,受傷事故,南京東西路,2,惡化,中度惡化
121.509197,25.047844,1,受傷事故,中華路1段,2,惡化,重度惡化
121.54957,25.053723,1,受傷事故,健康路,2,改善,微幅改善
121.569428,25.048983,1,受傷事故,基隆路1段,2,惡化,輕微惡化
121.539921,25.025548,1,受傷事故,和平東路1、2、3段,2,惡化,重度惡化
121.508668,25.052112,1,受傷事故,南京東西路,2,惡化,中度惡化
121.542933,25.097729,1,受傷事故,至善路2段,3,改善,有效改善
121.51763,25.034351,1,受傷事故,愛國東路,2,惡化,輕微惡化
121.507717,25.03796,1,受傷事故,中華路1段,2,惡化,重度惡化
121.580367,25.048732,1,受傷事故,中坡北路,2,改善,有效改善
121.517403,25.04549,2,受傷事故,公園路,2,惡化,中度惡化
121.53603,25.068372,1,受傷事故,民族東路,2,惡化,重度惡化
121.537137,25.04643,1,受傷事故,南京東西路,2,惡化,中度惡化
121.543715,25.047768,2,受傷事故,復興北路,3,惡化,中度惡化
121.569428,25.048983,1,受傷事故,基隆路1段,2,惡化,輕微惡化
121.530248,25.094587,1,受傷事故,福林路,2,惡化,中度惡化
121.595048,25.052482,1,受傷事故,忠孝東路6段,2,改善,微幅改善
121.544158,25.047968,1,受傷事故,復興北路,2,惡化,中度惡化
121.56882,25.047429,2,受傷事故,基隆路1段,3,惡化,輕微惡化
121.569428,25.048983,2,受傷事故,基隆路1段,3,惡化,輕微惡化
121.57996,25.050304,1,受傷事故,八德路4段,2,惡化,輕微惡化
121.571059,25.081848,1,受傷事故,內湖路1段,2,惡化,中度惡化
121.569428,25.048983,1,受傷事故,基隆路1段,2,惡化,輕微惡化
121.555221,25.056004,1,受傷事故,健康路,2,改善,微幅改善
121.582239,25.04407,1,受傷事故,忠孝東路6段,2,改善,微幅改善
121.559589,25.085128,1,受傷事故,內湖路1段,2,惡化,中度惡化
121.513656,25.041167,1,受傷事故,寶慶路,2,惡化,中度惡化
121.520898,25.031614,2,受傷事故,羅斯福路1、2段,3,惡化,微幅改善
121.586546,25.059114,1,受傷事故,南京東西路,2,惡化,中度惡化
121.523358,25.068299,2,受傷事故,民族東路,3,惡化,重度惡化
121.586546,25.059114,1,受傷事故,南京東西路,2,惡化,中度惡化
121.569428,25.048983,2,受傷事故,基隆路1段,4,惡化,輕微惡化
121.55902,25.048459,1,受傷事故,八德路4段,2,惡化,輕微惡化
121.55304,25.024194,3,受傷事故,和平東路1、2、3段,3,惡化,重度惡化
121.558442,25.08507,1,受傷事故,內湖路1段,2,惡化,中度惡化
121.523612,25.053328,2,受傷事故,南京東西路,2,惡化,中度惡化
121.528045,25.052292,1,受傷事故,南京東西路,2,惡化,中度惡化
121.521244,25.052326,2,受傷事故,南京東西路,3,惡化,中度惡化
121.510583,25.04736,1,受傷事故,寶慶路,3,惡化,中度惡化
121.508951,25.063672,1,受傷事故,南京東西路,2,惡化,中度惡化
121.57996,25.050304,1,受傷事故,八德路4段,2,惡化,輕微惡化
121.527227,25.057539,1,受傷事故,松江路,2,惡化,重度惡化
121.520332,25.052505,1,受傷事故,南京東西路,1,惡化,中度惡化
121.533131,25.045912,1,受傷事故,松江路,2,惡化,重度惡化
121.520332,25.052505,1,受傷事故,南京東西路,2,惡化,中度惡化
121.556245,25.057448,1,受傷事故,八德路4段,2,惡化,輕微惡化
121.57996,25.050304,1,受傷事故,八德路4段,2,惡化,輕微惡化
121.56066,25.050688,1,受傷事故,南京東西路,3,惡化,中度惡化
121.521334,25.03266,3,受傷事故,愛國東路,4,惡化,輕微惡化
121.525135,25.102125,1,受傷事故,福國路,2,惡化,重度惡化
121.533207,25.050547,1,受傷事故,松江路,2,惡化,重度惡化
121.567654,25.050598,1,受傷事故,南京東西路,3,惡化,中度惡化
121.544369,25.013269,2,受傷事故,基隆路3段,2,惡化,輕微惡化
121.544828,25.012114,1,受傷事故,基隆路3段,2,惡化,輕微惡化
121.569428,25.048983,1,受傷事故,光復南北路,2,惡化,輕微惡化
121.51112,25.0469,1,受傷事故,寶慶路,2,惡化,中度惡化
121.555787,25.055924,2,受傷事故,光復南北路,2,惡化,輕微惡化
121.556152,25.023734,1,受傷事故,和平東路1、2、3段,2,惡化,重度惡化
121.570494,25.081028,2,受傷事故,內湖路1段,3,惡化,中度惡化
121.571481,25.083459,2,受傷事故,內湖路1段,3,惡化,中度惡化
121.535059,25.045107,1,受傷事故,復興北路,2,惡化,中度惡化
121.532865,25.056099,2,受傷事故,松江路,2,惡化,重度惡化
121.543049,25.097404,2,受傷事故,至善路2段,2,改善,有效改善
121.546094,25.097543,1,受傷事故,至善路2段,2,改善,有效改善
121.528014,25.062951,1,受傷事故,民族東路,2,惡化,重度惡化
121.580915,25.05744,2,受傷事故,南京東西路,3,惡化,中度惡化
121.517403,25.04549,1,受傷事故,公園路,2,惡化,中度惡化
121.572306,25.050215,1,受傷事故,塔悠路,2,惡化,重度惡化
121.555818,25.053749,2,受傷事故,南京東西路,2,惡化,中度惡化
121.514286,25.046392,2,受傷事故,寶慶路,2,惡化,中度惡化
121.559137,25.047619,1,受傷事故,八德路4段,2,惡化,輕微惡化
121.577171,25.049854,1,受傷事故,八德路4段,2,惡化,輕微惡化
121.517403,25.04549,2,受傷事故,公園路,2,惡化,中度惡化
121.560439,25.052163,2,受傷事故,南京東西路,2,惡化,中度惡化
121.543715,25.047768,1,受傷事故,復興北路,2,惡化,中度惡化
121.5386,25.053099,1,受傷事故,南京東西路,2,惡化,中度惡化
121.535865,25.025559,1,受傷事故,和平東路1、2、3段,2,惡化,重度惡化
121.528045,25.052292,2,受傷事故,南京東西路,3,惡化,中度惡化
121.523358,25.068299,2,受傷事故,民族東路,3,惡化,重度惡化
121.533115,25.097303,1,受傷事故,福林路,2,惡化,中度惡化
121.528045,25.052292,1,受傷事故,南京東西路,2,惡化,中度惡化
121.566263,25.08146,1,受傷事故,內湖路1段,2,惡化,中度惡化
121.558063,25.048338,1,受傷事故,八德路4段,2,惡化,輕微惡化
121.571687,25.050001,1,受傷事故,八德路4段,2,惡化,輕微惡化
121.544738,25.058174,1,受傷事故,復興北路,2,惡化,中度惡化
121.522755,25.064855,1,受傷事故,建國北路3段,2,改善,有效改善
121.5631,25.087361,1,受傷事故,內湖路1段,2,惡化,中度惡化
121.569428,25.048983,1,受傷事故,基隆路1段,2,惡化,輕微惡化
121.53325,25.052658,1,受傷事故,松江路,2,惡化,重度惡化
121.567345,25.051558,2,受傷事故,南京東西路,3,惡化,中度惡化
121.557149,25.048248,1,受傷事故,八德路3段,3,改善,有效改善
121.553524,25.048575,1,受傷事故,八德路3段,2,改善,有效改善
121.569428,25.048983,1,受傷事故,基隆路1段,2,惡化,輕微惡化
121.54222,25.067668,1,受傷事故,民族東路,2,惡化,重度惡化
121.522921,25.062953,2,受傷事故,松江路,2,惡化,重度惡化
121.544158,25.047968,1,受傷事故,民族東路,2,惡化,重度惡化
121.590642,25.050052,1,受傷事故,忠孝東路6段,3,改善,微幅改善
121.558442,25.08507,1,受傷事故,內湖路1段,2,惡化,中度惡化
121.559715,25.048511,1,受傷事故,八德路4段,2,惡化,輕微惡化
121.592232,25.054062,1,受傷事故,八德路4段,2,惡化,輕微惡化
121.564279,25.063275,2,受傷事故,光復南北路,2,惡化,輕微惡化
121.522831,25.052609,1,受傷事故,民族東路,2,惡化,重度惡化
121.535617,25.068383,1,受傷事故,民族東路,2,惡化,重度惡化
121.565378,25.054072,1,受傷事故,南京東西路,2,惡化,中度惡化
121.574344,25.056374,1,受傷事故,南京東西路,2,惡化,中度惡化
121.522081,25.032333,1,受傷事故,愛國東路,2,惡化,輕微惡化
121.544191,25.048788,3,受傷事故,復興北路,4,惡化,中度惡化
121.557621,25.031756,1,受傷事故,光復南北路,2,惡化,輕微惡化
121.520165,25.053304,2,受傷事故,南京東西路,3,惡化,中度惡化
121.571324,25.081989,1,受傷事故,內湖路1段,2,惡化,中度惡化
121.586546,25.059114,1,受傷事故,南京東西路,2,惡化,中度惡化
121.517264,25.044729,2,受傷事故,公園路,3,惡化,中度惡化
121.528045,25.052292,1,受傷事故,南京東西路,2,惡化,中度惡化
121.555176,25.04764,1,受傷事故,八德路3段,2,改善,有效改善
121.521621,25.102145,1,受傷事故,福國路,2,惡化,重度惡化
121.543965,25.061685,1,受傷事故,復興北路,2,惡化,中度惡化
121.544709,25.024605,1,受傷事故,和平東路1、2、3段,2,惡化,重度惡化
121.543715,25.047768,2,受傷事故,復興北路,2,惡化,中度惡化
121.534819,25.048013,1,受傷事故,南京東西路,2,惡化,中度惡化
121.550753,25.100294,2,受傷事故,至善路2段,2,改善,有效改善
121.523358,25.068299,1,受傷事故,民族東路,1,惡化,重度惡化
121.57996,25.050304,2,受傷事故,八德路4段,2,惡化,輕微惡化
121.546784,25.0254,1,受傷事故,和平東路1、2、3段,2,惡化,重度惡化
121.544416,25.059114,1,受傷事故,復興北路,2,惡化,中度惡化
121.556624,25.030785,1,受傷事故,光復南北路,3,惡化,輕微惡化
121.567387,25.041671,1,受傷事故,基隆路1段,3,惡化,輕微惡化
121.517403,25.04549,1,受傷事故,公園路,2,惡化,中度惡化
121.576611,25.055232,1,受傷事故,南京東西路,2,惡化,中度惡化
121.517403,25.04549,1,受傷事故,公園路,2,惡化,中度惡化
121.562724,25.049021,1,受傷事故,南京東西路,2,惡化,中度惡化
121.557407,25.105129,1,受傷事故,至善路2段,2,改善,有效改善
121.559905,25.050138,1,受傷事故,光復南北路,2,惡化,輕微惡化
121.557993,25.048456,1,受傷事故,光復南北路,2,惡化,輕微惡化
121.568485,25.049582,2,受傷事故,八德路4段,2,惡化,輕微惡化
121.510583,25.04736,1,受傷事故,中華路1段,2,惡化,重度惡化
121.567124,25.045186,1,受傷事故,基隆路1段,2,惡化,輕微惡化
121.558442,25.08507,2,受傷事故,內湖路1段,2,惡化,中度惡化
121.567004,25.049244,1,受傷事故,八德路4段,2,惡化,輕微惡化
121.510504,25.054006,1,受傷事故,南京東西路,2,惡化,中度惡化
121.586415,25.048416,2,受傷事故,忠孝東路6段,3,改善,微幅改善
121.558715,25.049693,1,受傷事故,光復南北路,2,惡化,輕微惡化
121.544269,25.097795,1,受傷事故,至善路2段,2,改善,有效改善
121.556588,25.042991,2,受傷事故,光復南北路,3,惡化,輕微惡化
121.549328,25.047841,2,受傷事故,八德路3段,2,改善,有效改善
121.559398,25.032416,1,受傷事故,光復南北路,2,惡化,輕微惡化
121.535515,25.042214,1,受傷事故,光復南北路,2,惡化,輕微惡化
121.569428,25.048983,1,受傷事故,基隆路1段,2,惡化,輕微惡化
121.517403,25.04549,2,受傷事故,公園路,2,惡化,中度惡化
121.523152,25.054866,1,受傷事故,復興北路,2,惡化,中度惡化
121.559398,25.032416,2,受傷事故,光復南北路,2,惡化,輕微惡化
121.564902,25.052827,1,受傷事故,南京東西路,2,惡化,中度惡化
121.516784,25.04909,2,受傷事故,南京東西路,3,惡化,中度惡化
121.558698,25.085155,1,受傷事故,內湖路1段,2,惡化,中度惡化
121.558442,25.08507,1,受傷事故,內湖路1段,2,惡化,中度惡化
121.514956,25.051677,1,受傷事故,南京東西路,2,惡化,中度惡化
121.592479,25.053844,1,受傷事故,忠孝東路6段,2,改善,微幅改善
121.510735,25.110443,1,受傷事故,立賢路,2,惡化,中度惡化
121.558063,25.048338,1,受傷事故,八德路4段,2,惡化,輕微惡化
121.530193,25.048646,2,受傷事故,復興北路,3,惡化,中度惡化
121.528045,25.052292,1,受傷事故,南京東西路,2,惡化,中度惡化
121.572552,25.080767,1,受傷事故,內湖路1段,2,惡化,中度惡化
121.54222,25.067668,1,受傷事故,民族東路,3,惡化,重度惡化
121.565099,25.082685,1,受傷事故,內湖路1段,2,惡化,中度惡化
121.528045,25.052292,1,受傷事故,南京東西路,1,惡化,中度惡化
121.549637,25.051919,2,受傷事故,南京東西路,2,惡化,中度惡化
121.581839,25.044454,1,受傷事故,中坡北路,2,改善,有效改善
121.523995,25.034582,1,受傷事故,杭州南路2段,3,改善,微幅改善
121.510583,25.04736,1,受傷事故,中華路1段,3,惡化,重度惡化
121.533844,25.058896,2,受傷事故,松江路,3,惡化,重度惡化
121.552623,25.04758,2,受傷事故,八德路3段,2,改善,有效改善
121.570742,25.080924,1,受傷事故,內湖路1段,2,惡化,中度惡化
121.54816,25.02071,2,受傷事故,光復南北路,2,惡化,輕微惡化
121.582573,25.045915,1,受傷事故,忠孝東路6段,2,改善,微幅改善
121.521814,25.052534,1,受傷事故,南京東西路,2,惡化,中度惡化
121.543715,25.047768,1,受傷事故,復興北路,2,惡化,中度惡化
121.520944,25.028739,4,受傷事故,羅斯福路1、2段,4,惡化,微幅改善
121.566401,25.043552,1,受傷事故,中坡北路,2,改善,有效改善
121.559459,25.048244,1,受傷事故,八德路4段,2,惡化,輕微惡化
121.528045,25.052292,1,受傷事故,南京東西路,2,惡化,中度惡化
121.517376,25.034306,2,受傷事故,羅斯福路1、2段,3,惡化,微幅改善
121.549954,25.051355,1,受傷事故,南京東西路,3,惡化,中度惡化
121.578263,25.051272,2,受傷事故,八德路4段,2,惡化,輕微惡化
121.562157,25.085008,2,受傷事故,內湖路1段,2,惡化,中度惡化
121.57996,25.050304,2,受傷事故,八德路4段,2,惡化,輕微惡化
121.590787,25.060952,1,受傷事故,南京東西路,2,惡化,中度惡化
121.574892,25.081147,2,受傷事故,內湖路1段,3,惡化,中度惡化
121.543715,25.047768,2,受傷事故,復興北路,2,惡化,中度惡化
121.557879,25.053443,2,受傷事故,健康路,3,改善,微幅改善
121.520332,25.052505,1,受傷事故,南京東西路,2,惡化,中度惡化
121.553353,25.048715,1,受傷事故,八德路3段,2,改善,有效改善
121.547645,25.051283,1,受傷事故,南京東西路,2,惡化,中度惡化
121.539879,25.025554,1,受傷事故,和平東路1、2、3段,2,惡化,重度惡化
121.519251,25.030712,1,受傷事故,羅斯福路1、2段,2,惡化,微幅改善
121.577937,25.051196,1,受傷事故,八德路4段,2,惡化,輕微惡化
121.517403,25.04549,1,受傷事故,公園路,2,惡化,中度惡化
121.557205,25.046149,1,受傷事故,光復南北路,2,惡化,輕微惡化
121.55556,25.058427,1,受傷事故,光復南北路,2,惡化,輕微惡化
121.533131,25.045912,1,受傷事故,松江路,2,惡化,重度惡化
121.516784,25.04909,2,受傷事故,南京東西路,4,惡化,中度惡化
121.592479,25.053844,2,受傷事故,忠孝東路6段,2,改善,微幅改善
121.533638,25.061885,1,受傷事故,松江路,3,惡化,重度惡化
121.535515,25.042214,2,受傷事故,光復南北路,3,惡化,輕微惡化
121.557807,25.019832,1,受傷事故,和平東路1、2、3段,2,惡化,重度惡化
121.558063,25.048338,1,受傷事故,八德路4段,2,惡化,輕微惡化
121.574841,25.080361,1,受傷事故,內湖路1段,3,惡化,中度惡化
121.558063,25.048338,2,受傷事故,八德路4段,4,惡化,輕微惡化
121.531659,25.094909,1,受傷事故,福林路,2,惡化,中度惡化
121.560601,25.050409,1,受傷事故,南京東西路,3,惡化,中度惡化
121.558442,25.08507,2,受傷事故,內湖路1段,3,惡化,中度惡化
121.583107,25.045565,1,受傷事故,忠孝東路6段,2,改善,微幅改善
121.546784,25.0254,2,受傷事故,和平東路1、2、3段,3,惡化,重度惡化
121.523358,25.068299,1,受傷事故,民族東路,2,惡化,重度惡化
121.530672,25.062066,1,受傷事故,建國北路3段,2,改善,有效改善
121.556386,25.048462,1,受傷事故,八德路3段,2,改善,有效改善
121.536717,25.065937,1,受傷事故,建國北路3段,2,改善,有效改善
121.559775,25.048517,1,受傷事故,八德路4段,2,惡化,輕微惡化
121.557931,25.043917,1,受傷事故,光復南北路,2,惡化,輕微惡化
121.557466,25.043668,1,受傷事故,光復南北路,2,惡化,輕微惡化
121.555176,25.04764,1,受傷事故,八德路3段,2,改善,有效改善
121.52969,25.051508,2,受傷事故,松江路,2,惡化,重度惡化
121.558715,25.049693,2,受傷事故,光復南北路,3,惡化,輕微惡化
121.549637,25.051919,2,受傷事故,南京東西路,2,惡化,中度惡化
121.530421,25.05686,2,受傷事故,松江路,2,惡化,重度惡化
121.543049,25.097404,1,受傷事故,至善路2段,2,改善,有效改善
121.510583,25.04736,1,受傷事故,中華路1段,3,惡化,重度惡化
121.569993,25.050004,1,受傷事故,八德路4段,2,惡化,輕微惡化
121.569428,25.048983,2,受傷事故,基隆路1段,3,惡化,輕微惡化
121.57996,25.050304,1,受傷事故,八德路4段,2,惡化,輕微惡化
121.56071,25.049354,1,受傷事故,八德路4段,3,惡化,輕微惡化
121.554584,25.04493,1,受傷事故,八德路3段,2,改善,有效改善
121.544158,25.047968,1,受傷事故,復興北路,2,惡化,中度惡化
121.560498,25.017637,1,受傷事故,和平東路1、2、3段,2,惡化,重度惡化
121.544451,25.056213,2,受傷事故,復興北路,4,惡化,中度惡化
121.532276,25.058696,1,受傷事故,松江路,2,惡化,重度惡化
121.533131,25.045912,1,受傷事故,民族東路,2,惡化,重度惡化
121.552853,25.023719,3,受傷事故,和平東路1、2、3段,3,惡化,重度惡化
121.515671,25.033581,2,受傷事故,羅斯福路1、2段,3,惡化,微幅改善
121.521754,25.026786,1,受傷事故,羅斯福路1、2段,2,惡化,微幅改善
121.516784,25.04909,1,受傷事故,南京東西路,2,惡化,中度惡化
121.572062,25.081931,2,受傷事故,內湖路1段,2,惡化,中度惡化
121.517403,25.04549,1,受傷事故,公園路,2,惡化,中度惡化
121.565993,25.048901,2,受傷事故,八德路4段,2,惡化,輕微惡化
121.570065,25.050049,2,受傷事故,八德路4段,2,惡化,輕微惡化
121.528045,25.052292,1,受傷事故,南京東西路,2,惡化,中度惡化
121.563132,25.049156,3,受傷事故,八德路4段,3,惡化,輕微惡化
121.546781,25.024487,1,受傷事故,和平東路1、2、3段,2,惡化,重度惡化
121.558333,25.020457,1,受傷事故,和平東路1、2、3段,2,惡化,重度惡化
121.553901,25.021052,2,受傷事故,和平東路1、2、3段,2,惡化,重度惡化
121.528533,25.047706,1,受傷事故,南京東西路,2,惡化,中度惡化
121.55628,25.048795,1,受傷事故,八德路3段,2,改善,有效改善
121.528014,25.062951,1,受傷事故,南京東西路,2,惡化,中度惡化
121.524122,25.048074,2,受傷事故,南京東西路,2,惡化,中度惡化
121.523803,25.060434,1,受傷事故,松江路,2,惡化,重度惡化
121.557931,25.043917,2,受傷事故,光復南北路,3,惡化,輕微惡化
121.55937,25.037098,1,受傷事故,光復南北路,2,惡化,輕微惡化
121.557288,25.020146,1,受傷事故,和平東路1、2、3段,2,惡化,重度惡化
121.532948,25.059747,1,受傷事故,松江路,2,惡化,重度惡化
121.528045,25.052292,2,受傷事故,南京東西路,3,惡化,中度惡化
121.510583,25.04736,2,受傷事故,寶慶路,3,惡化,中度惡化
121.553987,25.04765,1,受傷事故,八德路3段,2,改善,有效改善
121.535319,25.025713,1,受傷事故,和平東路1、2、3段,2,惡化,重度惡化
121.549807,25.047546,1,受傷事故,八德路3段,2,改善,有效改善
121.527936,25.058174,1,受傷事故,復興北路,2,惡化,中度惡化
121.553987,25.04765,1,受傷事故,八德路3段,2,改善,有效改善
121.573479,25.08128,2,受傷事故,內湖路1段,3,惡化,中度惡化
121.569338,25.048884,1,受傷事故,基隆路1段,3,惡化,輕微惡化
121.519586,25.043966,2,受傷事故,愛國東路,3,惡化,輕微惡化
121.522831,25.052609,1,受傷事故,民族東路,2,惡化,重度惡化
121.511844,25.054072,1,受傷事故,南京東西路,2,惡化,中度惡化
121.554402,25.022268,2,受傷事故,和平東路1、2、3段,3,惡化,重度惡化
121.535552,25.051826,1,受傷事故,南京東西路,2,惡化,中度惡化
121.533131,25.045912,1,受傷事故,民族東路,2,惡化,重度惡化
121.524424,25.052665,1,受傷事故,南京東西路,2,惡化,中度惡化
121.518458,25.053272,2,受傷事故,南京東西路,3,惡化,中度惡化
121.57996,25.050304,2,受傷事故,八德路4段,2,惡化,輕微惡化
121.559134,25.085194,1,受傷事故,內湖路1段,2,惡化,中度惡化
121.527038,25.051894,1,受傷事故,南京東西路,2,惡化,中度惡化
121.520112,25.029803,1,受傷事故,羅斯福路1、2段,2,惡化,微幅改善
121.555008,25.048493,4,受傷事故,八德路3段,4,改善,有效改善
121.510583,25.04736,1,受傷事故,中華路1段,2,惡化,重度惡化
121.54222,25.067668,1,受傷事故,民族東路,2,惡化,重度惡化
121.52757,25.026454,1,受傷事故,和平東路1、2、3段,2,惡化,重度惡化
121.544638,25.053569,1,受傷事故,復興北路,2,惡化,中度惡化
121.524139,25.101839,2,受傷事故,福國路,3,惡化,重度惡化
121.557931,25.043917,1,受傷事故,光復南北路,3,惡化,輕微惡化
121.533131,25.045912,1,受傷事故,松江路,2,惡化,重度惡化
121.540361,25.052985,2,受傷事故,南京東西路,3,惡化,中度惡化
121.548058,25.04632,1,受傷事故,八德路3段,2,改善,有效改善
121.581456,25.051352,1,受傷事故,忠孝東路6段,2,改善,微幅改善
121.506849,25.038644,1,受傷事故,中華路1段,1,惡化,重度惡化
121.541077,25.025399,1,受傷事故,和平東路1、2、3段,2,惡化,重度惡化
121.533131,25.045912,3,受傷事故,松江路,3,惡化,重度惡化
121.539308,25.025241,2,受傷事故,和平東路1、2、3段,3,惡化,重度惡化
121.561531,25.036697,3,受傷事故,基隆路1段,4,惡化,輕微惡化
121.575881,25.053647,3,受傷事故,南京東西路,3,惡化,中度惡化
121.511844,25.054072,1,受傷事故,南京東西路,2,惡化,中度惡化
121.543755,25.049343,1,受傷事故,復興北路,2,惡化,中度惡化
121.541709,25.025314,2,受傷事故,和平東路1、2、3段,3,惡化,重度惡化
121.56697,25.049002,2,受傷事故,八德路4段,3,惡化,輕微惡化
121.580094,25.080393,3,受傷事故,內湖路1段,3,惡化,中度惡化
121.522907,25.032437,1,受傷事故,愛國東路,2,惡化,輕微惡化
121.560761,25.048943,1,受傷事故,八德路4段,2,惡化,輕微惡化
121.567124,25.045186,1,受傷事故,基隆路1段,2,惡化,輕微惡化
121.543715,25.047768,1,受傷事故,復興北路,2,惡化,中度惡化
121.567674,25.045279,1,受傷事故,基隆路1段,2,惡化,輕微惡化
121.510504,25.054006,2,受傷事故,南京東西路,2,惡化,中度惡化
121.510735,25.110443,1,受傷事故,立賢路,3,惡化,中度惡化
121.562805,25.08557,2,受傷事故,內湖路1段,3,惡化,中度惡化
121.550753,25.100294,1,受傷事故,至善路2段,2,改善,有效改善
121.510583,25.04736,1,受傷事故,中華路1段,2,惡化,重度惡化
121.557182,25.052727,2,受傷事故,南京東西路,3,惡化,中度惡化
121.522081,25.032333,1,受傷事故,愛國東路,2,惡化,輕微惡化
121.556427,25.046333,1,受傷事故,光復南北路,2,惡化,輕微惡化
121.564273,25.048176,2,受傷事故,八德路4段,2,惡化,輕微惡化
121.569428,25.048983,2,受傷事故,基隆路1段,3,惡化,輕微惡化
121.54816,25.02071,1,受傷事故,基隆路3段,2,惡化,輕微惡化
121.557931,25.043917,1,受傷事故,光復南北路,2,惡化,輕微惡化
121.557993,25.048456,1,受傷事故,健康路,2,改善,微幅改善
121.511844,25.054072,2,受傷事故,南京東西路,2,惡化,中度惡化
121.520685,25.028821,1,受傷事故,羅斯福路1、2段,2,惡化,微幅改善
121.551561,25.048082,1,受傷事故,八德路3段,2,改善,有效改善
121.557975,25.021896,1,受傷事故,和平東路1、2、3段,2,惡化,重度惡化
121.558442,25.08507,1,受傷事故,內湖路1段,2,惡化,中度惡化
121.510583,25.04736,2,受傷事故,中華路1段,3,惡化,重度惡化
121.529714,25.054981,1,受傷事故,南京東西路,2,惡化,中度惡化
121.507761,25.038869,1,受傷事故,中華路1段,2,惡化,重度惡化
121.544416,25.059114,1,受傷事故,復興北路,2,惡化,中度惡化
121.549637,25.051919,2,受傷事故,南京東西路,2,惡化,中度惡化
121.576401,25.050198,4,受傷事故,八德路4段,5,惡化,輕微惡化
121.528045,25.052292,1,受傷事故,南京東西路,2,惡化,中度惡化
121.533131,25.045912,2,受傷事故,松江路,3,惡化,重度惡化
121.576344,25.050197,1,受傷事故,八德路4段,1,惡化,輕微惡化
121.530248,25.094587,1,受傷事故,福林路,1,惡化,中度惡化
121.573674,25.050135,2,受傷事故,八德路4段,3,惡化,輕微惡化
121.544158,25.047968,1,受傷事故,復興北路,2,惡化,中度惡化
121.569428,25.048983,2,受傷事故,基隆路1段,3,惡化,輕微惡化
121.573479,25.08128,2,受傷事故,內湖路1段,2,惡化,中度惡化
121.534437,25.058457,1,受傷事故,松江路,3,惡化,重度惡化
121.559552,25.049599,1,受傷事故,光復南北路,2,惡化,輕微惡化
121.56224,25.014714,1,受傷事故,和平東路1、2、3段,2,惡化,重度惡化
121.527936,25.058174,2,受傷事故,松江路,4,惡化,重度惡化
121.531576,25.050699,1,受傷事故,松江路,2,惡化,重度惡化
121.537137,25.04643,1,受傷事故,南京東西路,2,惡化,中度惡化
121.54222,25.067668,2,受傷事故,民族東路,3,惡化,重度惡化
121.57822,25.078711,1,受傷事故,內湖路1段,2,惡化,中度惡化
121.566401,25.043552,1,受傷事故,中坡北路,2,改善,有效改善
121.53667,25.063385,1,受傷事故,建國北路3段,1,改善,有效改善
121.549637,25.051919,1,受傷事故,南京東西路,2,惡化,中度惡化
121.524122,25.048074,1,受傷事故,南京東西路,2,惡化,中度惡化
121.543715,25.047768,2,受傷事故,復興北路,4,惡化,中度惡化
121.549637,25.051919,3,受傷事故,南京東西路,3,惡化,中度惡化
121.543715,25.047768,1,受傷事故,復興北路,2,惡化,中度惡化
121.507631,25.037946,1,受傷事故,中華路1段,1,惡化,重度惡化
121.524681,25.02441,2,受傷事故,羅斯福路1、2段,3,惡化,微幅改善
121.549637,25.051919,1,受傷事故,南京東西路,2,惡化,中度惡化
121.523358,25.068299,2,受傷事故,民族東路,2,惡化,重度惡化
121.554416,25.049372,1,受傷事故,南京東西路,2,惡化,中度惡化
121.535248,25.025044,2,受傷事故,新生南路3段,3,惡化,重度惡化
121.567124,25.045186,1,受傷事故,基隆路1段,2,惡化,輕微惡化
121.525056,25.068265,1,受傷事故,民族東路,2,惡化,重度惡化
121.535515,25.042214,2,受傷事故,光復南北路,2,惡化,輕微惡化
121.528854,25.052871,2,受傷事故,南京東西路,3,惡化,中度惡化
121.558063,25.048338,1,受傷事故,復興北路,2,惡化,中度惡化
121.543931,25.058785,1,受傷事故,復興北路,3,惡化,中度惡化
121.526069,25.051911,2,受傷事故,南京東西路,3,惡化,中度惡化
121.551135,25.023752,2,受傷事故,和平東路1、2、3段,2,惡化,重度惡化
121.517403,25.04549,1,受傷事故,公園路,2,惡化,中度惡化
121.528045,25.052292,1,受傷事故,南京東西路,2,惡化,中度惡化
121.563737,25.050692,1,受傷事故,八德路4段,2,惡化,輕微惡化
121.520165,25.052004,1,受傷事故,南京東西路,2,惡化,中度惡化
121.535515,25.042214,1,受傷事故,光復南北路,3,惡化,輕微惡化
121.557796,25.037254,1,受傷事故,光復南北路,2,惡化,輕微惡化
121.588302,25.049441,2,受傷事故,忠孝東路6段,2,改善,微幅改善
121.58389,25.046277,2,受傷事故,忠孝東路6段,3,改善,微幅改善
121.522273,25.027618,1,受傷事故,羅斯福路1、2段,2,惡化,微幅改善
121.590787,25.060952,1,受傷事故,南京東西路,1,惡化,中度惡化
121.543049,25.097404,1,受傷事故,至善路2段,1,改善,有效改善
121.571091,25.081261,1,受傷事故,內湖路1段,2,惡化,中度惡化
121.557951,25.03714,1,受傷事故,光復南北路,2,惡化,輕微惡化
121.531999,25.050688,1,受傷事故,松江路,2,惡化,重度惡化
121.586546,25.059114,1,受傷事故,南京東西路,2,惡化,中度惡化
121.557253,25.031576,1,受傷事故,光復南北路,2,惡化,輕微惡化
121.542706,25.023956,2,受傷事故,和平東路1、2、3段,3,惡化,重度惡化
121.524122,25.048074,1,受傷事故,南京東西路,2,惡化,中度惡化
121.570065,25.050049,1,受傷事故,八德路4段,2,惡化,輕微惡化
121.565242,25.041291,2,受傷事故,基隆路1段,2,惡化,輕微惡化
121.553353,25.048715,1,受傷事故,八德路3段,2,改善,有效改善
121.557993,25.048456,1,受傷事故,光復南北路,2,惡化,輕微惡化
121.533227,25.051439,1,受傷事故,松江路,2,惡化,重度惡化
121.519586,25.043966,3,受傷事故,愛國東路,3,惡化,輕微惡化
121.562651,25.050733,2,受傷事故,八德路4段,2,惡化,輕微惡化
121.554703,25.059177,1,受傷事故,光復南北路,2,惡化,輕微惡化
121.558442,25.08507,1,受傷事故,內湖路1段,2,惡化,中度惡化
121.523358,25.068299,2,受傷事故,民族東路,2,惡化,重度惡化
121.53384,25.070352,2,受傷事故,松江路,2,惡化,重度惡化
121.53332,25.056856,1,受傷事故,松江路,2,惡化,重度惡化
121.530719,25.060649,2,受傷事故,松江路,3,惡化,重度惡化
121.567992,25.086084,1,受傷事故,內湖路1段,2,惡化,中度惡化
121.556862,25.043112,1,受傷事故,光復南北路,3,惡化,輕微惡化
121.563614,25.083926,1,受傷事故,內湖路1段,2,惡化,中度惡化
121.577945,25.079156,1,受傷事故,內湖路1段,2,惡化,中度惡化
121.522831,25.052609,1,受傷事故,民族東路,2,惡化,重度惡化
121.517403,25.04549,1,受傷事故,公園路,2,惡化,中度惡化
121.558003,25.035617,2,受傷事故,光復南北路,3,惡化,輕微惡化
121.574344,25.056374,1,受傷事故,南京東西路,2,惡化,中度惡化
121.557509,25.04428,1,受傷事故,光復南北路,2,惡化,輕微惡化
121.510583,25.04736,1,受傷事故,中華路1段,2,惡化,重度惡化
121.517403,25.04549,1,受傷事故,公園路,2,惡化,中度惡化
121.565242,25.041291,1,受傷事故,光復南北路,2,惡化,輕微惡化
121.534659,25.098472,2,受傷事故,福林路,3,惡化,中度惡化
121.520615,25.053322,1,受傷事故,南京東西路,2,惡化,中度惡化
121.5478,25.098153,2,受傷事故,至善路2段,2,改善,有效改善
121.590642,25.050052,1,受傷事故,忠孝東路6段,2,改善,微幅改善
121.530248,25.094587,1,受傷事故,福林路,2,惡化,中度惡化
121.560439,25.052163,1,受傷事故,南京東西路,2,惡化,中度惡化
121.55567,25.057411,1,受傷事故,光復南北路,2,惡化,輕微惡化
121.539153,25.052914,1,受傷事故,南京東西路,2,惡化,中度惡化
121.55782,25.040243,1,受傷事故,光復南北路,2,惡化,輕微惡化
121.558063,25.048338,1,受傷事故,塔悠路,2,惡化,重度惡化
121.534094,25.06567,1,受傷事故,松江路,2,惡化,重度惡化
121.557879,25.053443,1,受傷事故,健康路,2,改善,微幅改善
121.54222,25.067668,1,受傷事故,民族東路,2,惡化,重度惡化
121.580307,25.050453,2,受傷事故,八德路4段,2,惡化,輕微惡化
121.564137,25.114474,2,受傷事故,福林路,3,惡化,中度惡化
121.571365,25.082547,1,受傷事故,內湖路1段,2,惡化,中度惡化
121.533192,25.049685,1,受傷事故,松江路,2,惡化,重度惡化
121.533131,25.045912,1,受傷事故,松江路,2,惡化,重度惡化
121.513949,25.049488,1,受傷事故,南京東西路,2,惡化,中度惡化
121.557931,25.043917,1,受傷事故,光復南北路,2,惡化,輕微惡化
121.560732,25.035345,2,受傷事故,基隆路1段,2,惡化,輕微惡化
121.55071,25.024314,1,受傷事故,和平東路1、2、3段,2,惡化,重度惡化
121.508951,25.063672,1,受傷事故,南京東西路,2,惡化,中度惡化
121.561938,25.015405,2,受傷事故,和平東路1、2、3段,4,惡化,重度惡化
121.513656,25.041167,1,受傷事故,寶慶路,3,惡化,中度惡化
121.532517,25.057154,1,受傷事故,松江路,2,惡化,重度惡化
121.544158,25.047968,1,受傷事故,復興北路,2,惡化,中度惡化
121.530248,25.094587,2,受傷事故,福林路,3,惡化,中度惡化
121.517403,25.04549,1,受傷事故,公園路,2,惡化,中度惡化
121.509197,25.047844,2,受傷事故,中華路1段,2,惡化,重度惡化
121.517403,25.04549,1,受傷事故,公園路,2,惡化,中度惡化
121.581839,25.044454,1,受傷事故,中坡北路,2,改善,有效改善
121.53352,25.045843,1,受傷事故,松江路,2,惡化,重度惡化
121.533131,25.045912,1,受傷事故,松江路,2,惡化,重度惡化
121.559161,25.086926,2,受傷事故,內湖路1段,3,惡化,中度惡化
121.509197,25.047844,1,受傷事故,中華路1段,2,惡化,重度惡化
121.558063,25.048338,1,受傷事故,八德路4段,2,惡化,輕微惡化
121.522831,25.052609,2,受傷事故,民族東路,2,惡化,重度惡化
121.558063,25.048338,1,受傷事故,八德路4段,2,惡化,輕微惡化
121.53599,25.066824,1,受傷事故,建國北路3段,1,改善,有效改善
121.521814,25.052534,1,受傷事故,南京東西路,2,惡化,中度惡化
121.571661,25.050001,1,受傷事故,八德路4段,1,惡化,輕微惡化
121.513656,25.041167,1,受傷事故,寶慶路,2,惡化,中度惡化
121.555346,25.021974,1,受傷事故,和平東路1、2、3段,2,惡化,重度惡化
121.533131,25.045912,2,受傷事故,松江路,3,惡化,重度惡化
121.544158,25.047968,1,受傷事故,復興北路,2,惡化,中度惡化
121.556158,25.048161,1,受傷事故,八德路3段,3,改善,有效改善
121.549637,25.051919,1,受傷事故,南京東西路,1,惡化,中度惡化
121.530248,25.094587,1,受傷事故,福林路,2,惡化,中度惡化
121.510735,25.110443,1,受傷事故,立賢路,2,惡化,中度惡化
121.564137,25.114474,2,受傷事故,福林路,3,惡化,中度惡化
121.558063,25.048338,1,受傷事故,八德路4段,2,惡化,輕微惡化
121.543728,25.016489,1,受傷事故,基隆路3段,2,惡化,輕微惡化
121.558063,25.048338,1,受傷事故,八德路4段,2,惡化,輕微惡化
121.544158,25.047968,1,受傷事故,復興北路,2,惡化,中度惡化
121.544421,25.059805,1,受傷事故,復興北路,2,惡化,中度惡化
121.528045,25.052292,1,受傷事故,南京東西路,1,惡化,中度惡化
121.549637,25.051919,1,受傷事故,南京東西路,2,惡化,中度惡化
121.546621,25.052565,1,受傷事故,南京東西路,2,惡化,中度惡化
121.569428,25.048983,1,受傷事故,基隆路1段,2,惡化,輕微惡化
121.528045,25.052292,1,受傷事故,南京東西路,1,惡化,中度惡化
121.549807,25.047546,2,受傷事故,八德路3段,3,改善,有效改善
121.552702,25.052371,1,受傷事故,健康路,2,改善,微幅改善
121.55679,25.046748,2,受傷事故,光復南北路,2,惡化,輕微惡化
121.566351,25.054082,1,受傷事故,健康路,2,改善,微幅改善
121.557993,25.048456,2,受傷事故,健康路,3,改善,微幅改善
121.530976,25.055968,1,受傷事故,松江路,2,惡化,重度惡化
121.564279,25.063275,1,受傷事故,塔悠路,1,惡化,重度惡化
121.510032,25.046447,1,受傷事故,中華路1段,2,惡化,重度惡化
121.517403,25.04549,1,受傷事故,公園路,2,惡化,中度惡化
121.569428,25.048983,1,受傷事故,基隆路1段,2,惡化,輕微惡化
121.564279,25.063275,2,受傷事故,光復南北路,2,惡化,輕微惡化
121.553462,25.051447,1,受傷事故,南京東西路,2,惡化,中度惡化
121.580841,25.044274,1,受傷事故,中坡北路,2,改善,有效改善
121.523358,25.068299,1,受傷事故,民族東路,2,惡化,重度惡化
121.544484,25.047588,1,受傷事故,復興北路,2,惡化,中度惡化
121.527058,25.033822,2,受傷事故,愛國東路,2,惡化,輕微惡化
121.527936,25.058174,2,受傷事故,松江路,2,惡化,重度惡化
121.565242,25.041291,1,受傷事故,中坡北路,2,改善,有效改善
121.544782,25.097113,1,受傷事故,至善路2段,2,改善,有效改善
121.580841,25.044274,3,受傷事故,中坡北路,3,改善,有效改善
121.562454,25.084022,1,受傷事故,內湖路1段,2,惡化,中度惡化
121.56515,25.052084,1,受傷事故,南京東西路,2,惡化,中度惡化
121.55549,25.055247,1,受傷事故,光復南北路,2,惡化,輕微惡化
121.539696,25.064478,1,受傷事故,民族東路,2,惡化,重度惡化
121.524148,25.052361,1,受傷事故,南京東西路,2,惡化,中度惡化
121.580915,25.05744,1,受傷事故,南京東西路,2,惡化,中度惡化
121.573967,25.080338,2,受傷事故,內湖路1段,3,惡化,中度惡化
121.517376,25.034306,1,受傷事故,愛國東路,2,惡化,輕微惡化
121.552385,25.05186,1,受傷事故,南京東西路,1,惡化,中度惡化
121.543507,25.058648,1,受傷事故,復興北路,2,惡化,中度惡化
121.517403,25.04549,1,受傷事故,公園路,2,惡化,中度惡化
121.558063,25.048338,4,受傷事故,光復南北路,4,惡化,輕微惡化
121.549328,25.047841,1,受傷事故,八德路3段,2,改善,有效改善
121.584976,25.047691,2,受傷事故,忠孝東路6段,3,改善,微幅改善
121.516834,25.045164,1,受傷事故,公園路,2,惡化,中度惡化
121.569428,25.048983,2,受傷事故,基隆路1段,4,惡化,輕微惡化
121.569428,25.048983,1,受傷事故,基隆路1段,2,惡化,輕微惡化
121.550295,25.023996,1,受傷事故,和平東路1、2、3段,1,惡化,重度惡化
121.541533,25.024927,1,受傷事故,和平東路1、2、3段,2,惡化,重度惡化
121.517403,25.04549,1,受傷事故,公園路,2,惡化,中度惡化
121.521696,25.02947,1,受傷事故,羅斯福路1、2段,3,惡化,微幅改善
121.51934,25.033638,1,受傷事故,愛國東路,2,惡化,輕微惡化
121.528045,25.052292,1,受傷事故,南京東西路,2,惡化,中度惡化
121.514286,25.046392,1,受傷事故,寶慶路,2,惡化,中度惡化
121.564826,25.082419,1,受傷事故,內湖路1段,3,惡化,中度惡化
121.54222,25.067668,2,受傷事故,民族東路,2,惡化,重度惡化
121.516784,25.04909,1,受傷事故,南京東西路,2,惡化,中度惡化
121.510583,25.04736,1,受傷事故,中華路1段,1,惡化,重度惡化
121.541875,25.066205,1,受傷事故,民族東路,2,惡化,重度惡化
121.543715,25.047768,1,受傷事故,復興北路,2,惡化,中度惡化
121.532825,25.053476,1,受傷事故,松江路,2,惡化,重度惡化
121.572451,25.080801,1,受傷事故,內湖路1段,2,惡化,中度惡化
121.533131,25.045912,3,受傷事故,松江路,3,惡化,重度惡化
121.555809,25.051786,1,受傷事故,南京東西路,3,惡化,中度惡化
121.528045,25.052292,2,受傷事故,南京東西路,2,惡化,中度惡化
121.528045,25.052292,1,受傷事故,南京東西路,2,惡化,中度惡化
121.507701,25.038504,1,受傷事故,中華路1段,2,惡化,重度惡化
121.528045,25.052292,2,受傷事故,南京東西路,2,惡化,中度惡化
121.556245,25.057448,1,受傷事故,八德路4段,2,惡化,輕微惡化
121.513949,25.049488,1,受傷事故,南京東西路,2,惡化,中度惡化
121.586057,25.048276,1,受傷事故,忠孝東路6段,2,改善,微幅改善
121.533221,25.01746,2,受傷事故,新生南路3段,3,惡化,重度惡化
121.549972,25.027453,2,受傷事故,和平東路1、2、3段,2,惡化,重度惡化
121.555787,25.054459,1,受傷事故,健康路,2,改善,微幅改善
121.543715,25.047768,1,受傷事故,復興北路,2,惡化,中度惡化
121.589341,25.049156,2,受傷事故,忠孝東路6段,2,改善,微幅改善
121.543113,25.015978,2,受傷事故,基隆路3段,2,惡化,輕微惡化
121.564826,25.082419,1,受傷事故,內湖路1段,2,惡化,中度惡化
121.549637,25.051919,1,受傷事故,南京東西路,2,惡化,中度惡化
121.544158,25.047968,2,受傷事故,復興北路,2,惡化,中度惡化
121.557722,25.036771,2,受傷事故,光復南北路,4,惡化,輕微惡化
121.530421,25.05686,1,受傷事故,松江路,2,惡化,重度惡化
121.528045,25.052292,2,受傷事故,南京東西路,2,惡化,中度惡化
121.533067,25.067634,2,受傷事故,松江路,2,惡化,重度惡化
121.558065,25.047155,1,受傷事故,光復南北路,2,惡化,輕微惡化
121.532932,25.06166,1,受傷事故,松江路,2,惡化,重度惡化
121.522907,25.032437,1,受傷事故,愛國東路,2,惡化,輕微惡化
121.522831,25.052609,1,受傷事故,民族東路,2,惡化,重度惡化
121.544623,25.053404,1,受傷事故,復興北路,2,惡化,中度惡化
121.520332,25.052505,2,受傷事故,南京東西路,2,惡化,中度惡化
121.522679,25.027963,1,受傷事故,羅斯福路1、2段,2,惡化,微幅改善
121.507631,25.037946,2,受傷事故,中華路1段,2,惡化,重度惡化
121.568485,25.049582,2,受傷事故,八德路4段,2,惡化,輕微惡化
121.568417,25.048231,2,受傷事故,基隆路1段,2,惡化,輕微惡化
121.56879,25.04633,2,受傷事故,基隆路1段,4,惡化,輕微惡化
121.552494,25.052508,2,受傷事故,健康路,2,改善,微幅改善
121.586527,25.049016,1,受傷事故,忠孝東路6段,2,改善,微幅改善
121.525135,25.102125,1,受傷事故,福國路,2,惡化,重度惡化
121.579269,25.051205,1,受傷事故,八德路4段,2,惡化,輕微惡化
121.557975,25.036446,1,受傷事故,光復南北路,2,惡化,輕微惡化
121.564273,25.048176,1,受傷事故,八德路4段,2,惡化,輕微惡化
121.544132,25.044899,1,受傷事故,八德路3段,2,改善,有效改善
121.539773,25.097169,1,受傷事故,福林路,2,惡化,中度惡化
121.532304,25.05335,2,受傷事故,松江路,2,惡化,重度惡化
121.572306,25.050215,1,受傷事故,塔悠路,2,惡化,重度惡化
121.545531,25.050784,1,受傷事故,南京東西路,3,惡化,中度惡化
121.567124,25.045186,1,受傷事故,基隆路1段,2,惡化,輕微惡化
121.559963,25.049807,1,受傷事故,光復南北路,2,惡化,輕微惡化
121.519332,25.031862,1,受傷事故,羅斯福路1、2段,2,惡化,微幅改善
121.557351,25.052116,1,受傷事故,光復南北路,3,惡化,輕微惡化
121.566975,25.082391,1,受傷事故,內湖路1段,2,惡化,中度惡化
121.579171,25.08033,1,受傷事故,內湖路1段,2,惡化,中度惡化
121.528941,25.071089,1,受傷事故,松江路,2,惡化,重度惡化
121.557931,25.043917,1,受傷事故,光復南北路,2,惡化,輕微惡化
121.527038,25.051894,2,受傷事故,南京東西路,3,惡化,中度惡化
121.530248,25.094587,1,受傷事故,福林路,2,惡化,中度惡化
121.544282,25.052986,1,受傷事故,復興北路,2,惡化,中度惡化
121.535856,25.069661,1,受傷事故,松江路,2,惡化,重度惡化
121.57004,25.051051,2,受傷事故,南京東西路,2,惡化,中度惡化
121.569428,25.048983,2,受傷事故,基隆路1段,3,惡化,輕微惡化
121.569428,25.048983,1,受傷事故,基隆路1段,2,惡化,輕微惡化
121.560393,25.049959,1,受傷事故,南京東西路,2,惡化,中度惡化
121.530669,25.068154,2,受傷事故,民族東路,3,惡化,重度惡化
121.537761,25.053744,1,受傷事故,南京東西路,2,惡化,中度惡化
121.508951,25.063672,1,受傷事故,南京東西路,2,惡化,中度惡化
121.539968,25.051749,2,受傷事故,南京東西路,2,惡化,中度惡化
121.543602,25.051663,1,受傷事故,南京東西路,2,惡化,中度惡化
121.586546,25.059114,1,受傷事故,南京東西路,2,惡化,中度惡化
121.569428,25.048983,1,受傷事故,基隆路1段,3,惡化,輕微惡化
121.542933,25.097729,2,受傷事故,至善路2段,2,改善,有效改善
121.559664,25.04961,1,受傷事故,光復南北路,2,惡化,輕微惡化
121.56437,25.047991,1,受傷事故,八德路3段,2,改善,有效改善
121.53384,25.070352,1,受傷事故,松江路,2,惡化,重度惡化
121.557496,25.044719,1,受傷事故,光復南北路,2,惡化,輕微惡化
121.570494,25.081028,2,受傷事故,內湖路1段,3,惡化,中度惡化
121.557901,25.036905,4,受傷事故,光復南北路,4,惡化,輕微惡化
121.544158,25.047968,2,受傷事故,復興北路,3,惡化,中度惡化
121.52321,25.052838,1,受傷事故,南京東西路,2,惡化,中度惡化
121.510583,25.04736,1,受傷事故,中華路1段,2,惡化,重度惡化
121.509197,25.047844,1,受傷事故,中華路1段,2,惡化,重度惡化
121.528045,25.052292,2,受傷事故,南京東西路,2,惡化,中度惡化
121.543875,25.054241,2,受傷事故,復興北路,3,惡化,中度惡化
121.547548,25.024495,1,受傷事故,和平東路1、2、3段,2,惡化,重度惡化
121.557149,25.046541,1,受傷事故,光復南北路,2,惡化,輕微惡化
121.532304,25.05335,1,受傷事故,松江路,2,惡化,重度惡化
121.528045,25.052292,1,受傷事故,南京東西路,2,惡化,中度惡化
121.567055,25.045064,1,受傷事故,基隆路1段,1,惡化,輕微惡化
121.559398,25.032416,1,受傷事故,和平東路1、2、3段,2,惡化,重度惡化
121.522831,25.052609,2,受傷事故,民族東路,3,惡化,重度惡化
121.523386,25.027199,3,受傷事故,和平東路1、2、3段,3,惡化,重度惡化
121.520332,25.052505,1,受傷事故,南京東西路,2,惡化,中度惡化
121.558245,25.04813,1,受傷事故,八德路4段,2,惡化,輕微惡化
121.522831,25.052609,3,受傷事故,民族東路,3,惡化,重度惡化
121.569981,25.049778,2,受傷事故,八德路4段,2,惡化,輕微惡化
121.557101,25.047416,1,受傷事故,光復南北路,2,惡化,輕微惡化
121.530067,25.026274,1,受傷事故,和平東路1、2、3段,2,惡化,重度惡化
121.572062,25.081931,1,受傷事故,內湖路1段,2,惡化,中度惡化
121.557993,25.048456,1,受傷事故,健康路,2,改善,微幅改善
121.530248,25.094587,1,受傷事故,福林路,2,惡化,中度惡化
121.557931,25.043917,1,受傷事故,光復南北路,3,惡化,輕微惡化
121.557993,25.048456,1,受傷事故,光復南北路,2,惡化,輕微惡化
121.592232,25.054062,2,受傷事故,八德路4段,2,惡化,輕微惡化
121.544158,25.047968,1,受傷事故,復興北路,2,惡化,中度惡化
121.544416,25.059114,2,受傷事故,復興北路,3,惡化,中度惡化
121.538822,25.06794,1,受傷事故,民族東路,2,惡化,重度惡化
121.567396,25.051556,1,受傷事故,南京東西路,1,惡化,中度惡化
121.564279,25.063275,1,受傷事故,光復南北路,2,惡化,輕微惡化
121.567124,25.045186,1,受傷事故,基隆路1段,2,惡化,輕微惡化
121.516784,25.04909,1,受傷事故,南京東西路,2,惡化,中度惡化
121.523358,25.068299,1,受傷事故,民族東路,2,惡化,重度惡化
121.552423,25.04652,1,受傷事故,八德路3段,2,改善,有效改善
121.566271,25.049703,2,受傷事故,南京東西路,2,惡化,中度惡化
121.543796,25.05082,3,受傷事故,復興北路,4,惡化,中度惡化
121.544293,25.053636,2,受傷事故,復興北路,3,惡化,中度惡化
121.569428,25.048983,2,受傷事故,基隆路1段,2,惡化,輕微惡化
121.533938,25.065028,1,受傷事故,松江路,2,惡化,重度惡化
121.555008,25.048493,1,受傷事故,八德路3段,2,改善,有效改善
121.522831,25.052609,1,受傷事故,南京東西路,2,惡化,中度惡化
121.533131,25.045912,2,受傷事故,松江路,3,惡化,重度惡化
121.530193,25.048646,1,受傷事故,松江路,2,惡化,重度惡化
121.522831,25.052609,1,受傷事故,民族東路,2,惡化,重度惡化
121.560481,25.048342,1,受傷事故,八德路4段,2,惡化,輕微惡化
121.557736,25.034513,1,受傷事故,光復南北路,2,惡化,輕微惡化
121.544158,25.047968,1,受傷事故,民族東路,2,惡化,重度惡化
121.570494,25.081028,1,受傷事故,內湖路1段,2,惡化,中度惡化
121.541849,25.026185,1,受傷事故,和平東路1、2、3段,2,惡化,重度惡化
121.545162,25.052021,1,受傷事故,南京東西路,3,惡化,中度惡化
121.564657,25.04312,1,受傷事故,基隆路1段,2,惡化,輕微惡化
121.522831,25.052609,2,受傷事故,民族東路,3,惡化,重度惡化
121.500996,25.113638,1,受傷事故,立賢路,2,惡化,中度惡化
121.519586,25.043966,2,受傷事故,愛國東路,3,惡化,輕微惡化
121.561888,25.05037,1,受傷事故,八德路4段,2,惡化,輕微惡化
121.564279,25.063275,1,受傷事故,光復南北路,2,惡化,輕微惡化
121.517403,25.04549,1,受傷事故,公園路,2,惡化,中度惡化
121.558334,25.019207,2,受傷事故,和平東路1、2、3段,2,惡化,重度惡化
121.521925,25.028092,1,受傷事故,羅斯福路1、2段,2,惡化,微幅改善
121.528045,25.052292,2,受傷事故,南京東西路,2,惡化,中度惡化
121.557931,25.043917,1,受傷事故,光復南北路,4,惡化,輕微惡化
121.510994,25.046669,1,受傷事故,寶慶路,2,惡化,中度惡化
121.558673,25.032298,2,受傷事故,和平東路1、2、3段,3,惡化,重度惡化
121.510583,25.04736,1,受傷事故,中華路1段,2,惡化,重度惡化
121.569428,25.048983,2,受傷事故,基隆路1段,3,惡化,輕微惡化
121.542961,25.015795,1,受傷事故,基隆路3段,2,惡化,輕微惡化
121.557993,25.048456,1,受傷事故,光復南北路,3,惡化,輕微惡化
121.520332,25.052505,1,受傷事故,南京東西路,2,惡化,中度惡化
121.532194,25.051863,1,受傷事故,南京東西路,2,惡化,中度惡化
121.575881,25.053647,1,受傷事故,南京東西路,1,惡化,中度惡化
121.547504,25.052319,1,受傷事故,南京東西路,2,惡化,中度惡化
121.572306,25.050215,1,受傷事故,南京東西路,2,惡化,中度惡化
121.519279,25.028645,2,受傷事故,羅斯福路1、2段,2,惡化,微幅改善
121.557993,25.048456,1,受傷事故,南京東西路,2,惡化,中度惡化
121.557252,25.03131,1,受傷事故,光復南北路,2,惡化,輕微惡化
121.530248,25.094587,1,受傷事故,福林路,3,惡化,中度惡化
121.563614,25.052198,1,受傷事故,南京東西路,1,惡化,中度惡化
121.543715,25.047768,1,受傷事故,復興北路,2,惡化,中度惡化
121.564753,25.049177,2,受傷事故,八德路4段,2,惡化,輕微惡化
121.55549,25.055247,1,受傷事故,光復南北路,2,惡化,輕微惡化
121.558578,25.035299,1,受傷事故,光復南北路,2,惡化,輕微惡化
121.525135,25.102125,1,受傷事故,福國路,2,惡化,重度惡化
121.54378,25.063476,1,受傷事故,復興北路,2,惡化,中度惡化
121.560149,25.046893,2,受傷事故,八德路4段,3,惡化,輕微惡化
121.566229,25.050806,2,受傷事故,南京東西路,3,惡化,中度惡化
121.563378,25.012332,2,受傷事故,和平東路1、2、3段,3,惡化,重度惡化
121.523358,25.068299,1,受傷事故,民族東路,3,惡化,重度惡化
121.544158,25.047968,2,受傷事故,復興北路,3,惡化,中度惡化
121.543715,25.047768,1,受傷事故,復興北路,2,惡化,中度惡化
121.569046,25.055145,1,受傷事故,塔悠路,2,惡化,重度惡化
121.56882,25.047429,1,受傷事故,基隆路1段,2,惡化,輕微惡化
121.577937,25.051196,3,受傷事故,八德路4段,3,惡化,輕微惡化
121.584412,25.049059,3,受傷事故,忠孝東路6段,3,改善,微幅改善
121.518226,25.032388,3,受傷事故,羅斯福路1、2段,3,惡化,微幅改善
121.567019,25.084454,1,受傷事故,內湖路1段,2,惡化,中度惡化
121.575881,25.053647,1,受傷事故,南京東西路,2,惡化,中度惡化
121.577549,25.050519,1,受傷事故,八德路4段,2,惡化,輕微惡化
121.543715,25.047768,2,受傷事故,復興北路,3,惡化,中度惡化
121.591299,25.050424,1,受傷事故,忠孝東路6段,2,改善,微幅改善
121.524122,25.048074,1,受傷事故,南京東西路,2,惡化,中度惡化
121.560761,25.048943,1,受傷事故,八德路4段,2,惡化,輕微惡化
121.558715,25.049693,1,受傷事故,光復南北路,2,惡化,輕微惡化
121.535242,25.065826,1,受傷事故,建國北路3段,2,改善,有效改善
121.581839,25.044454,1,受傷事故,中坡北路,2,改善,有效改善
121.542488,25.061962,1,受傷事故,復興北路,2,惡化,中度惡化
121.510583,25.04736,3,受傷事故,寶慶路,3,惡化,中度惡化
121.544158,25.047968,1,受傷事故,復興北路,2,惡化,中度惡化
121.559259,25.085359,1,受傷事故,內湖路1段,2,惡化,中度惡化
121.569428,25.048983,2,受傷事故,基隆路1段,2,惡化,輕微惡化
121.55244,25.024991,2,受傷事故,和平東路1、2、3段,3,惡化,重度惡化
121.521482,25.052035,1,受傷事故,南京東西路,2,惡化,中度惡化
121.561205,25.015699,2,受傷事故,和平東路1、2、3段,2,惡化,重度惡化
121.560986,25.084661,1,受傷事故,內湖路1段,2,惡化,中度惡化
121.544191,25.048788,1,受傷事故,復興北路,3,惡化,中度惡化
121.569428,25.048983,1,受傷事故,基隆路1段,3,惡化,輕微惡化
121.543796,25.05082,1,受傷事故,復興北路,2,惡化,中度惡化
121.545199,25.024954,1,受傷事故,和平東路1、2、3段,2,惡化,重度惡化
121.545199,25.024954,1,受傷事故,和平東路1、2、3段,2,惡化,重度惡化
121.510583,25.04736,2,受傷事故,中華路1段,4,惡化,重度惡化
121.558442,25.08507,1,受傷事故,內湖路1段,2,惡化,中度惡化
121.533185,25.049234,1,受傷事故,松江路,3,惡化,重度惡化
121.558442,25.08507,2,受傷事故,內湖路1段,2,惡化,中度惡化
121.535515,25.042214,1,受傷事故,光復南北路,2,惡化,輕微惡化
121.544132,25.044899,1,受傷事故,八德路3段,2,改善,有效改善
121.558128,25.045821,1,受傷事故,光復南北路,2,惡化,輕微惡化
121.577907,25.079173,1,受傷事故,內湖路1段,2,惡化,中度惡化
121.569428,25.048983,2,受傷事故,基隆路1段,3,惡化,輕微惡化
121.548036,25.020734,1,受傷事故,基隆路3段,2,惡化,輕微惡化
121.552763,25.047315,1,受傷事故,八德路3段,2,改善,有效改善
121.553087,25.024284,1,受傷事故,和平東路1、2、3段,1,惡化,重度惡化
121.564279,25.063275,2,受傷事故,民族東路,2,惡化,重度惡化
121.561251,25.084709,1,受傷事故,內湖路1段,2,惡化,中度惡化
121.532894,25.097172,2,受傷事故,福林路,3,惡化,中度惡化
121.537137,25.04643,2,受傷事故,南京東西路,2,惡化,中度惡化
121.541875,25.066205,2,受傷事故,民族東路,2,惡化,重度惡化
121.51358,25.035558,1,受傷事故,羅斯福路1、2段,2,惡化,微幅改善
121.57996,25.050304,1,受傷事故,八德路4段,2,惡化,輕微惡化
121.523275,25.102159,1,受傷事故,福國路,2,惡化,重度惡化
121.528045,25.052292,1,受傷事故,南京東西路,2,惡化,中度惡化
121.555008,25.048493,1,受傷事故,八德路3段,2,改善,有效改善
121.557931,25.043917,1,受傷事故,光復南北路,2,惡化,輕微惡化
121.545119,25.062463,1,受傷事故,復興北路,2,惡化,中度惡化
121.571582,25.050308,1,受傷事故,塔悠路,2,惡化,重度惡化
121.563599,25.042057,1,受傷事故,基隆路1段,2,惡化,輕微惡化
121.569428,25.048983,1,受傷事故,基隆路1段,2,惡化,輕微惡化
121.537379,25.06528,1,受傷事故,建國北路3段,2,改善,有效改善
121.556982,25.016663,1,受傷事故,和平東路1、2、3段,2,惡化,重度惡化
121.523358,25.068299,1,受傷事故,民族東路,2,惡化,重度惡化
121.560194,25.05129,1,受傷事故,南京東西路,2,惡化,中度惡化
121.516784,25.04909,1,受傷事故,南京東西路,2,惡化,中度惡化
121.522907,25.026824,2,受傷事故,和平東路1、2、3段,2,惡化,重度惡化
121.533131,25.045912,1,受傷事故,松江路,2,惡化,重度惡化
121.543779,25.066056,1,受傷事故,復興北路,2,惡化,中度惡化
121.523358,25.068299,1,受傷事故,民族東路,2,惡化,重度惡化
121.5386,25.053099,1,受傷事故,南京東西路,2,惡化,中度惡化
121.580841,25.044274,1,受傷事故,中坡北路,2,改善,有效改善
121.56243,25.013459,2,受傷事故,和平東路1、2、3段,2,惡化,重度惡化
121.517403,25.04549,2,受傷事故,公園路,2,惡化,中度惡化
121.510583,25.04736,1,受傷事故,中華路1段,2,惡化,重度惡化
121.55884,25.048186,2,受傷事故,八德路4段,3,惡化,輕微惡化
121.549637,25.051919,2,受傷事故,南京東西路,2,惡化,中度惡化
121.540287,25.025817,1,受傷事故,和平東路1、2、3段,2,惡化,重度惡化
121.564743,25.04202,1,受傷事故,基隆路1段,1,惡化,輕微惡化
121.558442,25.08507,1,受傷事故,內湖路1段,2,惡化,中度惡化
121.565242,25.041291,1,受傷事故,光復南北路,2,惡化,輕微惡化
121.569428,25.048983,2,受傷事故,基隆路1段,2,惡化,輕微惡化
121.555193,25.05938,1,受傷事故,光復南北路,2,惡化,輕微惡化
121.578395,25.079037,2,受傷事故,內湖路1段,2,惡化,中度惡化
121.535059,25.045107,1,受傷事故,復興北路,2,惡化,中度惡化
121.557807,25.019832,1,受傷事故,和平東路1、2、3段,2,惡化,重度惡化
121.586546,25.059114,1,受傷事故,南京東西路,2,惡化,中度惡化
121.564927,25.088021,1,受傷事故,內湖路1段,2,惡化,中度惡化
121.560986,25.084661,1,受傷事故,內湖路1段,2,惡化,中度惡化
121.539035,25.021863,2,受傷事故,和平東路1、2、3段,2,惡化,重度惡化
121.572554,25.0498,1,受傷事故,八德路4段,2,惡化,輕微惡化
121.524238,25.034929,1,受傷事故,杭州南路2段,2,改善,微幅改善
121.572213,25.084008,1,受傷事故,內湖路1段,2,惡化,中度惡化
121.569428,25.048983,1,受傷事故,基隆路1段,2,惡化,輕微惡化
121.571059,25.081848,1,受傷事故,內湖路1段,4,惡化,中度惡化
121.552385,25.05186,1,受傷事故,南京東西路,2,惡化,中度惡化
121.554524,25.050549,1,受傷事故,八德路3段,2,改善,有效改善
121.533131,25.045912,1,受傷事故,松江路,2,惡化,重度惡化
121.523358,25.068299,1,受傷事故,民族東路,2,惡化,重度惡化
121.560986,25.084661,1,受傷事故,內湖路1段,2,惡化,中度惡化
121.551109,25.048065,2,受傷事故,八德路3段,2,改善,有效改善
121.530248,25.094587,1,受傷事故,福林路,2,惡化,中度惡化
121.538038,25.066746,2,受傷事故,民族東路,3,惡化,重度惡化
121.544041,25.065199,2,受傷事故,復興北路,3,惡化,中度惡化
121.508529,25.041335,4,受傷事故,中華路1段,5,惡化,重度惡化
121.592545,25.049659,2,受傷事故,忠孝東路6段,3,改善,微幅改善
121.521468,25.028722,1,受傷事故,羅斯福路1、2段,2,惡化,微幅改善
121.535515,25.042214,1,受傷事故,光復南北路,2,惡化,輕微惡化
121.533131,25.045912,1,受傷事故,松江路,2,惡化,重度惡化
121.510583,25.04736,1,受傷事故,中華路1段,2,惡化,重度惡化
121.508951,25.063672,1,受傷事故,南京東西路,1,惡化,中度惡化
121.558063,25.048338,1,受傷事故,八德路4段,2,惡化,輕微惡化
121.531659,25.094909,2,受傷事故,福林路,3,惡化,中度惡化
121.562914,25.0499,1,受傷事故,八德路4段,2,惡化,輕微惡化
121.544158,25.047968,1,受傷事故,復興北路,2,惡化,中度惡化
121.517403,25.04549,1,受傷事故,公園路,2,惡化,中度惡化
121.516784,25.04909,2,受傷事故,南京東西路,2,惡化,中度惡化
121.557931,25.043917,1,受傷事故,光復南北路,2,惡化,輕微惡化
121.531201,25.020904,1,受傷事故,和平東路1、2、3段,3,惡化,重度惡化
121.518207,25.033321,1,受傷事故,羅斯福路1、2段,2,惡化,微幅改善
121.510583,25.04736,2,受傷事故,中華路1段,3,惡化,重度惡化
121.558063,25.048338,1,受傷事故,八德路4段,2,惡化,輕微惡化
121.533131,25.045912,1,受傷事故,松江路,2,惡化,重度惡化
121.574344,25.056374,1,受傷事故,南京東西路,2,惡化,中度惡化
121.580884,25.045517,1,受傷事故,忠孝東路6段,2,改善,微幅改善
121.572306,25.050215,3,受傷事故,塔悠路,3,惡化,重度惡化
121.544407,25.054676,1,受傷事故,復興北路,2,惡化,中度惡化
121.570504,25.048287,1,受傷事故,基隆路1段,2,惡化,輕微惡化
121.567594,25.049056,1,受傷事故,八德路4段,2,惡化,輕微惡化
121.535515,25.042214,1,受傷事故,光復南北路,2,惡化,輕微惡化
121.588289,25.049517,2,受傷事故,忠孝東路6段,4,改善,微幅改善
121.535059,25.045107,2,受傷事故,復興北路,2,惡化,中度惡化
121.504482,25.11605,1,受傷事故,立賢路,2,惡化,中度惡化
121.523358,25.068299,1,受傷事故,民族東路,3,惡化,重度惡化
121.521615,25.102056,1,受傷事故,福國路,3,惡化,重度惡化
121.519586,25.043966,2,受傷事故,愛國東路,2,惡化,輕微惡化
121.559957,25.017046,1,受傷事故,和平東路1、2、3段,2,惡化,重度惡化
121.525139,25.068263,1,受傷事故,民族東路,3,惡化,重度惡化
121.55667,25.042991,1,受傷事故,光復南北路,2,惡化,輕微惡化
121.5631,25.087361,2,受傷事故,內湖路1段,2,惡化,中度惡化
121.559045,25.017918,2,受傷事故,和平東路1、2、3段,3,惡化,重度惡化
121.544158,25.047968,2,受傷事故,復興北路,3,惡化,中度惡化
121.543715,25.047768,1,受傷事故,復興北路,2,惡化,中度惡化
121.555362,25.056757,1,受傷事故,光復南北路,2,惡化,輕微惡化
121.543715,25.047768,1,受傷事故,復興北路,2,惡化,中度惡化
121.543673,25.052049,1,受傷事故,南京東西路,2,惡化,中度惡化
121.552623,25.04758,2,受傷事故,八德路3段,2,改善,有效改善
121.523358,25.068299,1,受傷事故,民族東路,2,惡化,重度惡化
121.521621,25.102145,1,受傷事故,福國路,2,惡化,重度惡化
121.530248,25.094587,1,受傷事故,福林路,3,惡化,中度惡化
121.556935,25.042289,1,受傷事故,光復南北路,2,惡化,輕微惡化
121.543715,25.047768,1,受傷事故,復興北路,2,惡化,中度惡化
121.528045,25.052292,3,受傷事故,南京東西路,3,惡化,中度惡化
121.550144,25.048929,1,受傷事故,南京東西路,2,惡化,中度惡化
121.549637,25.051919,2,受傷事故,南京東西路,2,惡化,中度惡化
121.572062,25.081931,1,受傷事故,內湖路1段,2,惡化,中度惡化
121.557931,25.043917,2,受傷事故,光復南北路,2,惡化,輕微惡化
121.580841,25.044274,1,受傷事故,中坡北路,2,改善,有效改善
121.544158,25.047968,2,受傷事故,復興北路,2,惡化,中度惡化
121.510583,25.04736,2,受傷事故,中華路1段,2,惡化,重度惡化
121.524308,25.026503,1,受傷事故,和平東路1、2、3段,3,惡化,重度惡化
121.533131,25.045912,1,受傷事故,松江路,2,惡化,重度惡化
121.533131,25.045912,1,受傷事故,松江路,2,惡化,重度惡化
121.558442,25.08507,1,受傷事故,內湖路1段,2,惡化,中度惡化
121.544946,25.017413,1,受傷事故,和平東路1、2、3段,2,惡化,重度惡化
121.543806,25.051252,1,受傷事故,復興北路,2,惡化,中度惡化
121.563599,25.042057,1,受傷事故,基隆路1段,2,惡化,輕微惡化
121.572306,25.050215,1,受傷事故,塔悠路,2,惡化,重度惡化
121.53384,25.070352,1,受傷事故,松江路,2,惡化,重度惡化
121.560439,25.052163,1,受傷事故,南京東西路,2,惡化,中度惡化
121.531388,25.026757,3,受傷事故,和平東路1、2、3段,3,惡化,重度惡化
121.560955,25.047872,1,受傷事故,八德路4段,1,惡化,輕微惡化
121.507717,25.03796,1,受傷事故,中華路1段,2,惡化,重度惡化
121.57835,25.083955,2,受傷事故,內湖路1段,2,惡化,中度惡化
121.569428,25.048983,2,受傷事故,基隆路1段,2,惡化,輕微惡化
121.525135,25.102125,2,受傷事故,福國路,3,惡化,重度惡化
121.561111,25.034254,1,受傷事故,基隆路1段,2,惡化,輕微惡化
121.543764,25.04974,1,受傷事故,復興北路,2,惡化,中度惡化
121.500996,25.113638,2,受傷事故,立賢路,3,惡化,中度惡化
121.538026,25.068339,1,受傷事故,建國北路3段,2,改善,有效改善
121.52627,25.068234,2,受傷事故,民族東路,2,惡化,重度惡化
121.524122,25.048074,1,受傷事故,南京東西路,2,惡化,中度惡化
121.522907,25.032437,1,受傷事故,愛國東路,2,惡化,輕微惡化
121.556152,25.023734,1,受傷事故,和平東路1、2、3段,2,惡化,重度惡化
121.586546,25.059114,1,受傷事故,南京東西路,2,惡化,中度惡化
121.570859,25.046263,1,受傷事故,基隆路1段,2,惡化,輕微惡化
121.55722,25.030076,1,受傷事故,光復南北路,2,惡化,輕微惡化
121.556862,25.043112,2,受傷事故,光復南北路,2,惡化,輕微惡化
121.557931,25.043917,1,受傷事故,光復南北路,2,惡化,輕微惡化
121.508951,25.063672,1,受傷事故,南京東西路,3,惡化,中度惡化
121.518677,25.052378,1,受傷事故,南京東西路,2,惡化,中度惡化
121.568485,25.049582,2,受傷事故,南京東西路,2,惡化,中度惡化
121.572104,25.050332,1,受傷事故,南京東西路,2,惡化,中度惡化
121.556715,25.052247,1,受傷事故,南京東西路,2,惡化,中度惡化
121.566229,25.050806,3,受傷事故,南京東西路,3,惡化,中度惡化
121.558442,25.08507,1,受傷事故,內湖路1段,2,惡化,中度惡化
121.543715,25.047768,2,受傷事故,復興北路,2,惡化,中度惡化
121.525135,25.102125,1,受傷事故,福國路,2,惡化,重度惡化
121.516161,25.038567,2,受傷事故,公園路,2,惡化,中度惡化
121.522059,25.029195,1,受傷事故,杭州南路2段,2,改善,微幅改善
121.520332,25.052505,1,受傷事故,南京東西路,2,惡化,中度惡化
121.532662,25.061198,1,受傷事故,松江路,2,惡化,重度惡化
121.517403,25.04549,1,受傷事故,公園路,2,惡化,中度惡化
121.528045,25.052292,1,受傷事故,南京東西路,2,惡化,中度惡化
121.533131,25.045912,1,受傷事故,松江路,2,惡化,重度惡化
121.528045,25.052292,3,受傷事故,南京東西路,4,惡化,中度惡化
121.55806,25.047084,1,受傷事故,光復南北路,1,惡化,輕微惡化
121.533694,25.052969,1,受傷事故,松江路,3,惡化,重度惡化
121.572711,25.044385,2,受傷事故,基隆路1段,2,惡化,輕微惡化
121.541533,25.024927,1,受傷事故,和平東路1、2、3段,2,惡化,重度惡化
121.544158,25.047968,1,受傷事故,民族東路,3,惡化,重度惡化
121.508889,25.042733,2,受傷事故,中華路1段,2,惡化,重度惡化
121.553475,25.053663,1,受傷事故,南京東西路,2,惡化,中度惡化
121.536186,25.052233,1,受傷事故,南京東西路,2,惡化,中度惡化
121.530516,25.026074,1,受傷事故,和平東路1、2、3段,2,惡化,重度惡化
121.523595,25.026365,1,受傷事故,羅斯福路1、2段,2,惡化,微幅改善
121.528045,25.052292,1,受傷事故,南京東西路,1,惡化,中度惡化
121.530248,25.094587,1,受傷事故,福林路,2,惡化,中度惡化
121.560498,25.017637,1,受傷事故,和平東路1、2、3段,2,惡化,重度惡化
121.55809,25.018908,1,受傷事故,和平東路1、2、3段,2,惡化,重度惡化
121.545295,25.058868,1,受傷事故,復興北路,2,惡化,中度惡化
121.590112,25.049323,2,受傷事故,忠孝東路6段,3,改善,微幅改善
121.545019,25.060309,1,受傷事故,復興北路,2,惡化,中度惡化
121.529714,25.054981,1,受傷事故,南京東西路,2,惡化,中度惡化
121.560711,25.052163,1,受傷事故,南京東西路,2,惡化,中度惡化
121.534691,25.059885,1,受傷事故,松江路,2,惡化,重度惡化
121.545483,25.052329,1,受傷事故,南京東西路,2,惡化,中度惡化
121.517403,25.04549,1,受傷事故,公園路,2,惡化,中度惡化
121.565242,25.041291,1,受傷事故,光復南北路,2,惡化,輕微惡化
121.544158,25.047968,2,受傷事故,復興北路,4,惡化,中度惡化
121.522831,25.052609,1,受傷事故,民族東路,2,惡化,重度惡化
121.53261,25.055959,1,受傷事故,松江路,2,惡化,重度惡化
121.544158,25.047968,2,受傷事故,民族東路,3,惡化,重度惡化
121.543802,25.051058,1,受傷事故,復興北路,1,惡化,中度惡化
121.55801,25.048635,1,受傷事故,南京東西路,2,惡化,中度惡化
121.540156,25.026389,1,受傷事故,和平東路1、2、3段,2,惡化,重度惡化
121.511844,25.054072,1,受傷事故,南京東西路,2,惡化,中度惡化
121.568478,25.04745,1,受傷事故,基隆路1段,2,惡化,輕微惡化
121.533424,25.019544,1,受傷事故,新生南路3段,2,惡化,重度惡化
121.523152,25.054866,1,受傷事故,松江路,3,惡化,重度惡化
121.520332,25.052505,1,受傷事故,南京東西路,2,惡化,中度惡化
121.531999,25.050688,3,受傷事故,松江路,3,惡化,重度惡化
121.528045,25.052292,1,受傷事故,南京東西路,2,惡化,中度惡化
121.546287,25.097833,2,受傷事故,至善路2段,3,改善,有效改善
121.576265,25.079851,2,受傷事故,內湖路1段,4,惡化,中度惡化
121.509398,25.044601,2,受傷事故,中華路1段,2,惡化,重度惡化
121.545208,25.051625,2,受傷事故,南京東西路,4,惡化,中度惡化
121.539728,25.051742,1,受傷事故,南京東西路,1,惡化,中度惡化
121.519586,25.043966,3,受傷事故,愛國東路,3,惡化,輕微惡化
121.562344,25.049147,2,受傷事故,光復南北路,3,惡化,輕微惡化
121.561111,25.034254,2,受傷事故,基隆路1段,3,惡化,輕微惡化
121.546781,25.024487,2,受傷事故,和平東路1、2、3段,3,惡化,重度惡化
121.549807,25.047546,1,受傷事故,八德路3段,2,改善,有效改善
121.555505,25.055192,1,受傷事故,光復南北路,2,惡化,輕微惡化
121.508951,25.063672,3,受傷事故,南京東西路,3,惡化,中度惡化
121.560761,25.048943,1,受傷事故,八德路4段,2,惡化,輕微惡化
121.55567,25.057411,2,受傷事故,南京東西路,2,惡化,中度惡化
121.535087,25.098562,1,受傷事故,福林路,2,惡化,中度惡化
121.517403,25.04549,2,受傷事故,公園路,3,惡化,中度惡化
121.555176,25.059792,1,受傷事故,八德路3段,2,改善,有效改善
121.544417,25.059553,3,受傷事故,復興北路,3,惡化,中度惡化
121.53352,25.045843,1,受傷事故,松江路,2,惡化,重度惡化
121.557993,25.048456,1,受傷事故,光復南北路,2,惡化,輕微惡化
121.558319,25.028575,1,受傷事故,和平東路1、2、3段,2,惡化,重度惡化
121.51763,25.034351,1,受傷事故,愛國東路,2,惡化,輕微惡化
121.557036,25.052119,1,受傷事故,光復南北路,3,惡化,輕微惡化
121.517403,25.04549,2,受傷事故,公園路,2,惡化,中度惡化
121.533248,25.052322,1,受傷事故,松江路,2,惡化,重度惡化
121.558063,25.048338,1,受傷事故,復興北路,1,惡化,中度惡化
121.567124,25.045186,2,受傷事故,基隆路1段,2,惡化,輕微惡化
121.542473,25.066053,1,受傷事故,復興北路,2,惡化,中度惡化
121.567124,25.045186,1,受傷事故,基隆路1段,2,惡化,輕微惡化
121.517403,25.04549,1,受傷事故,公園路,2,惡化,中度惡化
121.553726,25.051168,2,受傷事故,南京東西路,2,惡化,中度惡化
121.57996,25.050304,1,受傷事故,八德路4段,2,惡化,輕微惡化
121.566667,25.084824,1,受傷事故,內湖路1段,3,惡化,中度惡化
121.536893,25.066725,1,受傷事故,民族東路,2,惡化,重度惡化
121.557496,25.044719,1,受傷事故,光復南北路,3,惡化,輕微惡化
121.557993,25.048456,2,受傷事故,南京東西路,3,惡化,中度惡化
121.569503,25.051497,2,受傷事故,南京東西路,2,惡化,中度惡化
121.564995,25.051186,1,受傷事故,南京東西路,3,惡化,中度惡化
121.560711,25.052163,2,受傷事故,南京東西路,2,惡化,中度惡化
121.550144,25.048929,1,受傷事故,南京東西路,2,惡化,中度惡化
121.525022,25.10256,1,受傷事故,福國路,2,惡化,重度惡化
121.569428,25.048983,1,受傷事故,基隆路1段,2,惡化,輕微惡化
121.512244,25.053804,1,受傷事故,南京東西路,2,惡化,中度惡化
121.572306,25.050215,1,受傷事故,塔悠路,2,惡化,重度惡化
121.542961,25.015795,2,受傷事故,基隆路3段,3,惡化,輕微惡化
121.572711,25.044385,3,受傷事故,基隆路1段,3,惡化,輕微惡化
121.510583,25.04736,1,受傷事故,中華路1段,2,惡化,重度惡化
121.54816,25.02071,1,受傷事故,基隆路3段,1,惡化,輕微惡化
121.535242,25.065826,1,受傷事故,建國北路3段,2,改善,有效改善
121.543049,25.097404,4,受傷事故,至善路2段,5,改善,有效改善
121.55304,25.024194,1,受傷事故,和平東路1、2、3段,2,惡化,重度惡化
121.55304,25.024194,1,受傷事故,和平東路1、2、3段,2,惡化,重度惡化
121.557931,25.043917,2,受傷事故,光復南北路,3,惡化,輕微惡化
121.558018,25.019476,1,受傷事故,和平東路1、2、3段,1,惡化,重度惡化
121.592479,25.053844,1,受傷事故,忠孝東路6段,2,改善,微幅改善
121.566134,25.082445,1,受傷事故,內湖路1段,2,惡化,中度惡化
121.54057,25.051352,1,受傷事故,建國北路3段,2,改善,有效改善
121.532825,25.053476,1,受傷事故,松江路,3,惡化,重度惡化
121.517403,25.04549,2,受傷事故,公園路,2,惡化,中度惡化
121.527593,25.026955,2,受傷事故,和平東路1、2、3段,2,惡化,重度惡化
121.558063,25.048338,1,受傷事故,塔悠路,2,惡化,重度惡化
121.560823,25.054991,2,受傷事故,健康路,2,改善,微幅改善
121.543408,25.052845,1,受傷事故,南京東西路,2,惡化,中度惡化
121.559977,25.03454,1,受傷事故,基隆路1段,2,惡化,輕微惡化
121.530248,25.094587,1,受傷事故,福林路,2,惡化,中度惡化
121.567367,25.048998,1,受傷事故,八德路4段,2,惡化,輕微惡化
121.544158,25.047968,1,受傷事故,復興北路,2,惡化,中度惡化
121.569428,25.048983,2,受傷事故,基隆路1段,3,惡化,輕微惡化
121.557993,25.048456,3,受傷事故,健康路,3,改善,微幅改善
121.531448,25.055776,1,受傷事故,松江路,2,惡化,重度惡化
121.543715,25.047768,2,受傷事故,復興北路,2,惡化,中度惡化
121.544094,25.063507,2,受傷事故,復興北路,3,惡化,中度惡化
121.520332,25.052505,1,受傷事故,南京東西路,2,惡化,中度惡化
121.545036,25.097721,2,受傷事故,至善路2段,3,改善,有效改善
121.543909,25.059118,1,受傷事故,復興北路,2,惡化,中度惡化
121.557368,25.035824,1,受傷事故,光復南北路,2,惡化,輕微惡化
121.544282,25.052986,1,受傷事故,復興北路,2,惡化,中度惡化
121.557993,25.048456,1,受傷事故,光復南北路,2,惡化,輕微惡化
121.533131,25.045912,1,受傷事故,松江路,2,惡化,重度惡化
121.557618,25.04644,1,受傷事故,八德路4段,2,惡化,輕微惡化
121.544234,25.050858,4,受傷事故,復興北路,4,惡化,中度惡化
121.522085,25.052471,2,受傷事故,南京東西路,2,惡化,中度惡化
121.517403,25.04549,2,受傷事故,公園路,2,惡化,中度惡化
121.550963,25.100394,1,受傷事故,至善路2段,2,改善,有效改善
121.538889,25.051752,1,受傷事故,南京東西路,1,惡化,中度惡化
121.54222,25.067668,1,受傷事故,民族東路,2,惡化,重度惡化
121.564953,25.082736,2,受傷事故,內湖路1段,3,惡化,中度惡化
121.528045,25.052292,2,受傷事故,南京東西路,3,惡化,中度惡化
121.549637,25.051919,1,受傷事故,南京東西路,2,惡化,中度惡化
121.555212,25.052541,2,受傷事故,南京東西路,4,惡化,中度惡化
121.517403,25.04549,1,受傷事故,公園路,2,惡化,中度惡化
121.549637,25.051919,1,受傷事故,南京東西路,1,惡化,中度惡化
121.558442,25.08507,1,受傷事故,內湖路1段,3,惡化,中度惡化
121.544158,25.047968,1,受傷事故,復興北路,2,惡化,中度惡化
121.52047,25.030083,1,受傷事故,羅斯福路1、2段,2,惡化,微幅改善
121.520501,25.030505,1,受傷事故,羅斯福路1、2段,2,惡化,微幅改善
121.51763,25.034351,2,受傷事故,愛國東路,3,惡化,輕微惡化
121.572306,25.050215,1,受傷事故,塔悠路,2,惡化,重度惡化
121.533443,25.047979,1,受傷事故,松江路,2,惡化,重度惡化
121.558333,25.020457,1,受傷事故,和平東路1、2、3段,2,惡化,重度惡化
121.51763,25.034351,2,受傷事故,愛國東路,3,惡化,輕微惡化
121.572306,25.050215,1,受傷事故,健康路,2,改善,微幅改善
121.55567,25.057411,2,受傷事故,光復南北路,2,惡化,輕微惡化
121.560439,25.052163,1,受傷事故,南京東西路,2,惡化,中度惡化
121.540583,25.047113,2,受傷事故,南京東西路,2,惡化,中度惡化
121.553121,25.025189,1,受傷事故,和平東路1、2、3段,2,惡化,重度惡化
121.569419,25.058156,1,受傷事故,塔悠路,2,惡化,重度惡化
121.544158,25.047968,2,受傷事故,復興北路,3,惡化,中度惡化
121.562303,25.083666,1,受傷事故,內湖路1段,2,惡化,中度惡化
121.533332,25.057314,1,受傷事故,松江路,3,惡化,重度惡化
121.506865,25.036456,2,受傷事故,寶慶路,2,惡化,中度惡化
121.556597,25.05748,1,受傷事故,南京東西路,2,惡化,中度惡化
121.549637,25.051919,1,受傷事故,南京東西路,2,惡化,中度惡化
121.527936,25.058174,1,受傷事故,松江路,2,惡化,重度惡化
121.528045,25.052292,2,受傷事故,南京東西路,3,惡化,中度惡化
121.577578,25.054565,2,受傷事故,南京東西路,2,惡化,中度惡化
121.54724,25.045428,2,受傷事故,八德路3段,3,改善,有效改善
121.544132,25.044899,1,受傷事故,八德路3段,2,改善,有效改善
121.510583,25.04736,1,受傷事故,中華路1段,2,惡化,重度惡化
121.55779,25.034907,1,受傷事故,光復南北路,1,惡化,輕微惡化
121.558449,25.019055,3,受傷事故,和平東路1、2、3段,3,惡化,重度惡化
121.554456,25.022801,1,受傷事故,和平東路1、2、3段,2,惡化,重度惡化
121.549637,25.051919,1,受傷事故,南京東西路,2,惡化,中度惡化
121.529714,25.054981,1,受傷事故,南京東西路,2,惡化,中度惡化
121.533131,25.045912,1,受傷事故,松江路,2,惡化,重度惡化
121.533869,25.061115,2,受傷事故,松江路,3,惡化,重度惡化
121.544416,25.059114,1,受傷事故,復興北路,2,惡化,中度惡化
121.514956,25.051677,1,受傷事故,南京東西路,2,惡化,中度惡化
121.523358,25.068299,1,受傷事故,民族東路,2,惡化,重度惡化
121.543152,25.022718,1,受傷事故,和平東路1、2、3段,2,惡化,重度惡化
121.567124,25.045186,1,受傷事故,基隆路1段,2,惡化,輕微惡化
121.533131,25.045912,2,受傷事故,松江路,3,惡化,重度惡化
121.514956,25.051677,2,受傷事故,南京東西路,2,惡化,中度惡化
121.572711,25.044385,1,受傷事故,基隆路1段,3,惡化,輕微惡化
121.544709,25.024605,1,受傷事故,和平東路1、2、3段,2,惡化,重度惡化
121.506865,25.036456,1,受傷事故,寶慶路,2,惡化,中度惡化
121.543715,25.047768,2,受傷事故,復興北路,2,惡化,中度惡化
121.578933,25.080549,2,受傷事故,內湖路1段,3,惡化,中度惡化
121.530248,25.094587,1,受傷事故,福林路,3,惡化,中度惡化
121.549637,25.051919,1,受傷事故,南京東西路,2,惡化,中度惡化
121.565957,25.050653,1,受傷事故,南京東西路,2,惡化,中度惡化
121.514956,25.051677,1,受傷事故,南京東西路,3,惡化,中度惡化
121.509007,25.043299,2,受傷事故,中華路1段,2,惡化,重度惡化
121.551068,25.023689,1,受傷事故,和平東路1、2、3段,2,惡化,重度惡化
121.578385,25.079018,1,受傷事故,內湖路1段,2,惡化,中度惡化
121.549637,25.051919,1,受傷事故,南京東西路,2,惡化,中度惡化
121.549637,25.051919,1,受傷事故,南京東西路,2,惡化,中度惡化
121.579334,25.051921,2,受傷事故,八德路4段,2,惡化,輕微惡化
121.528045,25.052292,1,受傷事故,南京東西路,2,惡化,中度惡化
121.555908,25.055484,2,受傷事故,光復南北路,3,惡化,輕微惡化
121.581839,25.044454,1,受傷事故,中坡北路,2,改善,有效改善
121.523152,25.054866,1,受傷事故,松江路,3,惡化,重度惡化
121.581839,25.044454,1,受傷事故,中坡北路,2,改善,有效改善
121.531576,25.050699,1,受傷事故,松江路,2,惡化,重度惡化
121.524054,25.031351,1,受傷事故,愛國東路,2,惡化,輕微惡化
121.509197,25.047844,1,受傷事故,中華路1段,2,惡化,重度惡化
121.558063,25.048338,2,受傷事故,中坡北路,3,改善,有效改善
121.549328,25.047841,1,受傷事故,八德路3段,2,改善,有效改善
121.55549,25.055247,1,受傷事故,健康路,2,改善,微幅改善
121.517403,25.04549,1,受傷事故,公園路,2,惡化,中度惡化
121.510583,25.04736,1,受傷事故,中華路1段,2,惡化,重度惡化
121.569428,25.048983,1,受傷事故,基隆路1段,2,惡化,輕微惡化
121.560986,25.084661,1,受傷事故,內湖路1段,2,惡化,中度惡化
121.544158,25.047968,2,受傷事故,復興北路,3,惡化,中度惡化
121.570458,25.052365,2,受傷事故,塔悠路,3,惡化,重度惡化
121.549637,25.051919,2,受傷事故,南京東西路,3,惡化,中度惡化
121.517211,25.032764,3,受傷事故,羅斯福路1、2段,3,惡化,微幅改善
121.580841,25.044274,3,受傷事故,中坡北路,3,改善,有效改善
121.566618,25.051555,1,受傷事故,南京東西路,2,惡化,中度惡化
121.557719,25.036442,2,受傷事故,光復南北路,2,惡化,輕微惡化
121.569428,25.048983,1,受傷事故,基隆路1段,2,惡化,輕微惡化
121.558063,25.048338,1,受傷事故,八德路4段,2,惡化,輕微惡化
121.546933,25.024825,1,受傷事故,和平東路1、2、3段,2,惡化,重度惡化
121.569428,25.048983,2,受傷事故,基隆路1段,3,惡化,輕微惡化
121.535105,25.097795,1,受傷事故,福林路,2,惡化,中度惡化
121.571369,25.082114,1,受傷事故,內湖路1段,2,惡化,中度惡化
121.561654,25.054338,1,受傷事故,健康路,2,改善,微幅改善
121.52627,25.068234,1,受傷事故,民族東路,2,惡化,重度惡化
121.569428,25.048983,1,受傷事故,基隆路1段,2,惡化,輕微惡化
121.529026,25.051575,3,受傷事故,南京東西路,3,惡化,中度惡化
121.534384,25.023869,1,受傷事故,新生南路3段,5,惡化,重度惡化
121.533131,25.045912,1,受傷事故,松江路,2,惡化,重度惡化
121.544132,25.044899,1,受傷事故,八德路3段,2,改善,有效改善
121.510583,25.04736,2,受傷事故,中華路1段,3,惡化,重度惡化
121.543049,25.097404,3,受傷事故,至善路2段,3,改善,有效改善
121.523725,25.101541,2,受傷事故,福國路,3,惡化,重度惡化
121.532646,25.057382,1,受傷事故,松江路,2,惡化,重度惡化
121.550625,25.046075,2,受傷事故,八德路3段,3,改善,有效改善
121.555176,25.04764,1,受傷事故,八德路3段,2,改善,有效改善
121.564826,25.082419,1,受傷事故,內湖路1段,2,惡化,中度惡化
121.543907,25.059232,2,受傷事故,復興北路,3,惡化,中度惡化
121.535248,25.025044,1,受傷事故,和平東路1、2、3段,2,惡化,重度惡化
121.513656,25.041167,2,受傷事故,寶慶路,2,惡化,中度惡化
121.564038,25.048541,1,受傷事故,八德路4段,2,惡化,輕微惡化
121.54386,25.053471,1,受傷事故,復興北路,2,惡化,中度惡化
121.550783,25.046271,1,受傷事故,八德路3段,2,改善,有效改善
121.561749,25.04871,2,受傷事故,八德路4段,3,惡化,輕微惡化
121.57996,25.050304,3,受傷事故,八德路4段,3,惡化,輕微惡化
121.503998,25.11422,1,受傷事故,立賢路,2,惡化,中度惡化
121.555008,25.048493,1,受傷事故,八德路3段,2,改善,有效改善
121.583518,25.046676,1,受傷事故,忠孝東路6段,2,改善,微幅改善
121.544828,25.012114,1,受傷事故,基隆路3段,2,惡化,輕微惡化
121.52349,25.025309,1,受傷事故,羅斯福路1、2段,2,惡化,微幅改善
121.543715,25.047768,2,受傷事故,復興北路,3,惡化,中度惡化
121.546792,25.051524,1,受傷事故,南京東西路,4,惡化,中度惡化
121.517403,25.04549,1,受傷事故,公園路,2,惡化,中度惡化
121.506865,25.036456,1,受傷事故,寶慶路,2,惡化,中度惡化
121.580841,25.044274,1,受傷事故,中坡北路,2,改善,有效改善
121.528842,25.052444,1,受傷事故,南京東西路,2,惡化,中度惡化
121.558063,25.048338,2,受傷事故,八德路4段,2,惡化,輕微惡化
121.533278,25.054157,1,受傷事故,松江路,2,惡化,重度惡化
121.575182,25.081741,2,受傷事故,內湖路1段,2,惡化,中度惡化
121.528045,25.052292,1,受傷事故,南京東西路,2,惡化,中度惡化
121.564279,25.063275,2,受傷事故,塔悠路,2,惡化,重度惡化
121.552021,25.048079,1,受傷事故,八德路3段,2,改善,有效改善
121.519586,25.043966,2,受傷事故,愛國東路,2,惡化,輕微惡化
121.523358,25.068299,1,受傷事故,民族東路,2,惡化,重度惡化
121.520332,25.052505,1,受傷事故,南京東西路,2,惡化,中度惡化
121.559552,25.049599,2,受傷事故,光復南北路,2,惡化,輕微惡化
121.516784,25.04909,1,受傷事故,南京東西路,2,惡化,中度惡化
121.569428,25.048983,1,受傷事故,基隆路1段,1,惡化,輕微惡化
121.546355,25.051994,1,受傷事故,南京東西路,2,惡化,中度惡化
121.567897,25.083739,2,受傷事故,內湖路1段,3,惡化,中度惡化
121.510583,25.04736,1,受傷事故,中華路1段,2,惡化,重度惡化
121.553079,25.053604,1,受傷事故,健康路,2,改善,微幅改善
121.540287,25.025817,1,受傷事故,和平東路1、2、3段,2,惡化,重度惡化
121.547021,25.048829,1,受傷事故,南京東西路,2,惡化,中度惡化
121.523386,25.027199,1,受傷事故,和平東路1、2、3段,2,惡化,重度惡化
121.517403,25.04549,3,受傷事故,公園路,3,惡化,中度惡化
121.557496,25.044719,1,受傷事故,光復南北路,2,惡化,輕微惡化
121.572306,25.050215,1,受傷事故,塔悠路,2,惡化,重度惡化
121.530248,25.094587,3,受傷事故,福林路,3,惡化,中度惡化
121.545722,25.024891,2,受傷事故,和平東路1、2、3段,3,惡化,重度惡化
121.557931,25.043917,2,受傷事故,光復南北路,2,惡化,輕微惡化
121.557993,25.048456,1,受傷事故,光復南北路,2,惡化,輕微惡化
121.530603,25.095858,1,受傷事故,福林路,2,惡化,中度惡化
121.555477,25.103567,1,受傷事故,至善路2段,2,改善,有效改善
121.543798,25.050899,1,受傷事故,復興北路,2,惡化,中度惡化
121.564902,25.052827,1,受傷事故,南京東西路,2,惡化,中度惡化
121.581839,25.044454,2,受傷事故,中坡北路,3,改善,有效改善
121.524725,25.10178,2,受傷事故,福國路,3,惡化,重度惡化
121.517403,25.04549,1,受傷事故,公園路,2,惡化,中度惡化
121.575182,25.081741,1,受傷事故,內湖路1段,2,惡化,中度惡化
121.515998,25.05406,2,受傷事故,南京東西路,3,惡化,中度惡化
121.577524,25.050227,2,受傷事故,八德路4段,2,惡化,輕微惡化
121.555965,25.036066,1,受傷事故,光復南北路,2,惡化,輕微惡化
121.533131,25.045912,1,受傷事故,松江路,3,惡化,重度惡化
121.543715,25.047768,2,受傷事故,復興北路,2,惡化,中度惡化
121.510583,25.04736,2,受傷事故,中華路1段,2,惡化,重度惡化
121.517403,25.04549,1,受傷事故,公園路,2,惡化,中度惡化
121.557712,25.050709,1,受傷事故,光復南北路,2,惡化,輕微惡化
121.559137,25.047619,2,受傷事故,八德路4段,3,惡化,輕微惡化
121.557496,25.044719,1,受傷事故,光復南北路,2,惡化,輕微惡化
121.569636,25.057444,1,受傷事故,塔悠路,2,惡化,重度惡化
121.586546,25.059114,1,受傷事故,南京東西路,2,惡化,中度惡化
121.552432,25.052291,1,受傷事故,健康路,3,改善,微幅改善
121.557496,25.044719,1,受傷事故,光復南北路,2,惡化,輕微惡化
121.523358,25.068299,1,受傷事故,民族東路,2,惡化,重度惡化
121.549637,25.051919,2,受傷事故,南京東西路,2,惡化,中度惡化
121.539153,25.052914,1,受傷事故,南京東西路,2,惡化,中度惡化
121.539773,25.097169,1,受傷事故,福林路,2,惡化,中度惡化
121.530248,25.094587,1,受傷事故,福林路,2,惡化,中度惡化
121.544709,25.024605,1,受傷事故,和平東路1、2、3段,2,惡化,重度惡化
121.554678,25.045065,1,受傷事故,八德路4段,2,惡化,輕微惡化
121.552385,25.05186,1,受傷事故,南京東西路,1,惡化,中度惡化
121.567124,25.045186,1,受傷事故,基隆路1段,2,惡化,輕微惡化
121.557993,25.048456,1,受傷事故,光復南北路,2,惡化,輕微惡化
121.580841,25.044274,1,受傷事故,中坡北路,4,改善,有效改善
121.558319,25.028575,2,受傷事故,和平東路1、2、3段,2,惡化,重度惡化
121.556386,25.048462,2,受傷事故,八德路3段,4,改善,有效改善
121.575881,25.053647,1,受傷事故,南京東西路,2,惡化,中度惡化
121.528045,25.052292,1,受傷事故,南京東西路,2,惡化,中度惡化
121.508529,25.041335,2,受傷事故,中華路1段,2,惡化,重度惡化
121.522831,25.052609,1,受傷事故,南京東西路,2,惡化,中度惡化
121.530193,25.048646,2,受傷事故,松江路,2,惡化,重度惡化
121.55067,25.047545,2,受傷事故,八德路3段,3,改善,有效改善
121.510583,25.04736,2,受傷事故,中華路1段,3,惡化,重度惡化
121.522921,25.062953,1,受傷事故,復興北路,2,惡化,中度惡化
121.5582,25.018588,1,受傷事故,和平東路1、2、3段,2,惡化,重度惡化
121.557828,25.036991,1,受傷事故,光復南北路,2,惡化,輕微惡化
121.54395,25.097346,2,受傷事故,至善路2段,2,改善,有效改善
121.558063,25.048338,1,受傷事故,八德路4段,1,惡化,輕微惡化
121.525135,25.102125,2,受傷事故,福國路,3,惡化,重度惡化
121.559518,25.036531,1,受傷事故,光復南北路,2,惡化,輕微惡化
121.509197,25.047844,1,受傷事故,中華路1段,2,惡化,重度惡化
121.532559,25.055679,1,受傷事故,松江路,2,惡化,重度惡化
121.530421,25.05686,2,受傷事故,松江路,3,惡化,重度惡化
121.53261,25.055959,2,受傷事故,松江路,2,惡化,重度惡化
121.565138,25.051586,1,受傷事故,南京東西路,1,惡化,中度惡化
121.547548,25.024495,1,受傷事故,和平東路1、2、3段,2,惡化,重度惡化
121.557931,25.043917,1,受傷事故,光復南北路,2,惡化,輕微惡化
121.558066,25.04989,1,受傷事故,光復南北路,2,惡化,輕微惡化
121.520816,25.02961,1,受傷事故,愛國東路,2,惡化,輕微惡化
121.538203,25.033017,1,受傷事故,和平東路1、2、3段,2,惡化,重度惡化
121.555965,25.036066,1,受傷事故,光復南北路,2,惡化,輕微惡化
121.54441,25.05842,1,受傷事故,復興北路,2,惡化,中度惡化
121.560984,25.047491,1,受傷事故,八德路4段,2,惡化,輕微惡化
121.520816,25.02961,1,受傷事故,愛國東路,2,惡化,輕微惡化
121.556862,25.043112,1,受傷事故,光復南北路,2,惡化,輕微惡化
121.561111,25.034254,1,受傷事故,基隆路1段,2,惡化,輕微惡化
121.513949,25.049488,3,受傷事故,南京東西路,3,惡化,中度惡化
121.575881,25.053647,1,受傷事故,南京東西路,2,惡化,中度惡化
121.54724,25.045428,2,受傷事故,八德路3段,2,改善,有效改善
121.544158,25.047968,1,受傷事故,復興北路,2,惡化,中度惡化
121.557931,25.043917,1,受傷事故,光復南北路,2,惡化,輕微惡化
121.569428,25.048983,1,受傷事故,基隆路1段,2,惡化,輕微惡化
121.517428,25.034237,1,受傷事故,羅斯福路1、2段,2,惡化,微幅改善
121.510583,25.04736,1,受傷事故,中華路1段,2,惡化,重度惡化
121.518105,25.053319,2,受傷事故,南京東西路,3,惡化,中度惡化
121.549807,25.047546,1,受傷事故,八德路3段,2,改善,有效改善
121.557693,25.035297,2,受傷事故,光復南北路,3,惡化,輕微惡化
121.55779,25.034907,1,受傷事故,光復南北路,2,惡化,輕微惡化
121.516926,25.034175,1,受傷事故,羅斯福路1、2段,2,惡化,微幅改善
121.544334,25.055686,1,受傷事故,復興北路,2,惡化,中度惡化
121.563614,25.083926,1,受傷事故,內湖路1段,2,惡化,中度惡化
121.544985,25.061767,2,受傷事故,復興北路,2,惡化,中度惡化
121.569593,25.057176,1,受傷事故,塔悠路,3,惡化,重度惡化
121.57189,25.050003,1,受傷事故,八德路4段,2,惡化,輕微惡化
121.560761,25.048943,1,受傷事故,八德路4段,2,惡化,輕微惡化
121.554077,25.022375,2,受傷事故,和平東路1、2、3段,3,惡化,重度惡化
121.538448,25.067525,1,受傷事故,民族東路,2,惡化,重度惡化
121.557993,25.048456,2,受傷事故,光復南北路,3,惡化,輕微惡化
121.561087,25.048188,1,受傷事故,八德路4段,2,惡化,輕微惡化
121.551044,25.053246,1,受傷事故,南京東西路,2,惡化,中度惡化
121.556314,25.051089,1,受傷事故,南京東西路,2,惡化,中度惡化
121.509197,25.047844,1,受傷事故,中華路1段,2,惡化,重度惡化
121.523358,25.068299,1,受傷事故,民族東路,3,惡化,重度惡化
121.546798,25.024516,2,受傷事故,和平東路1、2、3段,3,惡化,重度惡化
121.513949,25.049488,1,受傷事故,南京東西路,2,惡化,中度惡化
121.543715,25.047768,1,受傷事故,復興北路,2,惡化,中度惡化
121.578216,25.051262,3,受傷事故,八德路4段,3,惡化,輕微惡化
121.537341,25.067923,1,受傷事故,民族東路,2,惡化,重度惡化
121.558063,25.048338,1,受傷事故,塔悠路,2,惡化,重度惡化
121.573967,25.080338,1,受傷事故,內湖路1段,3,惡化,中度惡化
121.568456,25.059439,1,受傷事故,塔悠路,2,惡化,重度惡化
121.530195,25.048725,1,受傷事故,松江路,2,惡化,重度惡化
121.555176,25.04764,1,受傷事故,八德路3段,2,改善,有效改善
121.538026,25.068339,1,受傷事故,建國北路3段,2,改善,有效改善
121.554703,25.059177,2,受傷事故,光復南北路,2,惡化,輕微惡化
121.557792,25.03328,2,受傷事故,光復南北路,2,惡化,輕微惡化
121.533131,25.045912,1,受傷事故,民族東路,2,惡化,重度惡化
121.549637,25.051919,1,受傷事故,南京東西路,2,惡化,中度惡化
121.573918,25.057459,2,受傷事故,南京東西路,2,惡化,中度惡化
121.549637,25.051919,2,受傷事故,南京東西路,3,惡化,中度惡化
121.533131,25.045912,2,受傷事故,松江路,2,惡化,重度惡化
121.572965,25.080622,1,受傷事故,內湖路1段,2,惡化,中度惡化
121.539696,25.064478,1,受傷事故,民族東路,3,惡化,重度惡化
121.551451,25.024274,1,受傷事故,和平東路1、2、3段,3,惡化,重度惡化
121.522921,25.062953,1,受傷事故,復興北路,2,惡化,中度惡化
121.556486,25.052571,1,受傷事故,南京東西路,2,惡化,中度惡化
121.557496,25.044719,1,受傷事故,光復南北路,2,惡化,輕微惡化
121.523386,25.027199,1,受傷事故,和平東路1、2、3段,2,惡化,重度惡化
121.517403,25.04549,1,受傷事故,公園路,2,惡化,中度惡化
121.519586,25.043966,1,受傷事故,愛國東路,3,惡化,輕微惡化
121.533192,25.049685,1,受傷事故,松江路,3,惡化,重度惡化
121.550625,25.046075,1,受傷事故,八德路3段,2,改善,有效改善
121.562895,25.083389,1,受傷事故,內湖路1段,2,惡化,中度惡化
121.555008,25.048493,1,受傷事故,八德路3段,2,改善,有效改善
121.581456,25.051352,2,受傷事故,忠孝東路6段,4,改善,微幅改善
121.532338,25.052244,1,受傷事故,南京東西路,1,惡化,中度惡化
121.569428,25.048983,3,受傷事故,基隆路1段,3,惡化,輕微惡化
121.556935,25.042289,1,受傷事故,光復南北路,2,惡化,輕微惡化
121.588302,25.049441,1,受傷事故,忠孝東路6段,1,改善,微幅改善
121.588302,25.049441,1,受傷事故,忠孝東路6段,1,改善,微幅改善
121.556862,25.043112,1,受傷事故,光復南北路,2,惡化,輕微惡化
121.55556,25.058427,1,受傷事故,復興北路,1,惡化,中度惡化
121.538966,25.052154,1,受傷事故,南京東西路,2,惡化,中度惡化
121.559977,25.03454,1,受傷事故,基隆路1段,2,惡化,輕微惡化
121.564229,25.048963,1,受傷事故,八德路4段,1,惡化,輕微惡化
121.544773,25.062448,1,受傷事故,復興北路,3,惡化,中度惡化
121.56453,25.049772,2,受傷事故,八德路4段,3,惡化,輕微惡化
121.510583,25.04736,2,受傷事故,中華路1段,3,惡化,重度惡化
121.535865,25.025559,1,受傷事故,和平東路1、2、3段,2,惡化,重度惡化
121.523358,25.068299,1,受傷事故,民族東路,2,惡化,重度惡化
121.564826,25.082419,1,受傷事故,內湖路1段,2,惡化,中度惡化
121.543779,25.066056,2,受傷事故,復興北路,2,惡化,中度惡化
121.544416,25.059114,2,受傷事故,復興北路,3,惡化,中度惡化
121.558162,25.045496,1,受傷事故,光復南北路,3,惡化,輕微惡化
121.528045,25.052292,1,受傷事故,南京東西路,2,惡化,中度惡化
121.530516,25.026074,1,受傷事故,和平東路1、2、3段,2,惡化,重度惡化
121.56555,25.04256,1,受傷事故,基隆路1段,1,惡化,輕微惡化
121.558442,25.08507,1,受傷事故,內湖路1段,2,惡化,中度惡化
121.544217,25.049985,1,受傷事故,復興北路,2,惡化,中度惡化
121.556862,25.043112,2,受傷事故,光復南北路,3,惡化,輕微惡化
121.569428,25.048983,1,受傷事故,基隆路1段,2,惡化,輕微惡化
121.542961,25.015795,1,受傷事故,基隆路3段,2,惡化,輕微惡化
121.530248,25.094587,2,受傷事故,福林路,2,惡化,中度惡化
121.564753,25.049177,1,受傷事故,八德路4段,2,惡化,輕微惡化
121.580096,25.045003,2,受傷事故,中坡北路,4,改善,有效改善
121.531454,25.055142,1,受傷事故,松江路,2,惡化,重度惡化
121.510583,25.04736,3,受傷事故,中華路1段,3,惡化,重度惡化
121.507761,25.038869,1,受傷事故,中華路1段,2,惡化,重度惡化
121.567328,25.045548,1,受傷事故,基隆路1段,2,惡化,輕微惡化
121.550036,25.051912,1,受傷事故,南京東西路,2,惡化,中度惡化
121.556999,25.040177,1,受傷事故,光復南北路,2,惡化,輕微惡化
121.567783,25.045043,2,受傷事故,基隆路1段,2,惡化,輕微惡化
121.523358,25.068299,1,受傷事故,民族東路,2,惡化,重度惡化
121.546876,25.024512,1,受傷事故,和平東路1、2、3段,2,惡化,重度惡化
121.529714,25.054981,1,受傷事故,南京東西路,2,惡化,中度惡化
121.545019,25.060309,1,受傷事故,復興北路,2,惡化,中度惡化
121.558063,25.048338,1,受傷事故,塔悠路,2,惡化,重度惡化
121.582123,25.049948,1,受傷事故,中坡北路,2,改善,有效改善
121.56555,25.04256,1,受傷事故,基隆路1段,3,惡化,輕微惡化
121.56047,25.051697,1,受傷事故,南京東西路,2,惡化,中度惡化
121.552925,25.048072,2,受傷事故,八德路3段,3,改善,有效改善
121.544158,25.047968,1,受傷事故,復興北路,2,惡化,中度惡化
121.519586,25.043966,1,受傷事故,愛國東路,2,惡化,輕微惡化
121.543875,25.054241,1,受傷事故,復興北路,2,惡化,中度惡化
121.535836,25.066504,2,受傷事故,建國北路3段,2,改善,有效改善
121.533869,25.061115,1,受傷事故,松江路,2,惡化,重度惡化
121.544369,25.013269,1,受傷事故,基隆路3段,2,惡化,輕微惡化
121.522476,25.027345,1,受傷事故,羅斯福路1、2段,2,惡化,微幅改善
121.572711,25.044385,1,受傷事故,基隆路1段,2,惡化,輕微惡化
121.521936,25.029778,1,受傷事故,杭州南路2段,2,改善,微幅改善
121.555965,25.036066,1,受傷事故,光復南北路,2,惡化,輕微惡化
121.580841,25.044274,1,受傷事故,中坡北路,2,改善,有效改善
121.586546,25.059114,2,受傷事故,南京東西路,2,惡化,中度惡化
121.550144,25.048929,1,受傷事故,南京東西路,2,惡化,中度惡化
121.528842,25.052444,1,受傷事故,南京東西路,2,惡化,中度惡化
121.522907,25.032437,1,受傷事故,愛國東路,2,惡化,輕微惡化
121.511121,25.046876,1,受傷事故,寶慶路,2,惡化,中度惡化
121.511844,25.054072,1,受傷事故,南京東西路,2,惡化,中度惡化
121.592001,25.049799,1,受傷事故,忠孝東路6段,2,改善,微幅改善
121.564279,25.063275,3,受傷事故,塔悠路,3,惡化,重度惡化
121.551958,25.051327,1,受傷事故,南京東西路,2,惡化,中度惡化
121.559398,25.032416,1,受傷事故,光復南北路,2,惡化,輕微惡化
121.535617,25.068383,1,受傷事故,民族東路,2,惡化,重度惡化
121.527936,25.058174,1,受傷事故,松江路,2,惡化,重度惡化
121.530248,25.094587,1,受傷事故,福林路,2,惡化,中度惡化
121.523358,25.068299,1,受傷事故,民族東路,2,惡化,重度惡化
121.523152,25.054866,1,受傷事故,松江路,3,惡化,重度惡化
121.535105,25.097795,1,受傷事故,福林路,2,惡化,中度惡化
121.557212,25.086797,2,受傷事故,內湖路1段,2,惡化,中度惡化
121.558239,25.019262,2,受傷事故,和平東路1、2、3段,2,惡化,重度惡化
121.570173,25.053863,2,受傷事故,塔悠路,2,惡化,重度惡化
121.533176,25.048863,1,受傷事故,松江路,2,惡化,重度惡化
121.592479,25.053844,1,受傷事故,忠孝東路6段,2,改善,微幅改善
121.569428,25.048983,1,受傷事故,基隆路1段,2,惡化,輕微惡化
121.546792,25.051524,2,受傷事故,南京東西路,3,惡化,中度惡化
121.528045,25.052292,1,受傷事故,南京東西路,3,惡化,中度惡化
121.570387,25.0529,2,受傷事故,塔悠路,2,惡化,重度惡化
121.530248,25.094587,1,受傷事故,福林路,2,惡化,中度惡化
121.541258,25.052185,1,受傷事故,南京東西路,2,惡化,中度惡化
121.569428,25.048983,2,受傷事故,基隆路1段,2,惡化,輕微惡化
121.569428,25.048983,1,受傷事故,基隆路1段,2,惡化,輕微惡化
121.543092,25.06349,1,受傷事故,復興北路,3,惡化,中度惡化
121.517403,25.04549,2,受傷事故,公園路,2,惡化,中度惡化
121.550861,25.045275,1,受傷事故,八德路3段,2,改善,有效改善
121.563547,25.040272,1,受傷事故,基隆路1段,1,惡化,輕微惡化
121.544115,25.065255,1,受傷事故,復興北路,2,惡化,中度惡化
121.555176,25.059792,1,受傷事故,光復南北路,2,惡化,輕微惡化
121.530782,25.068154,1,受傷事故,民族東路,2,惡化,重度惡化
121.548872,25.082975,1,受傷事故,內湖路1段,3,惡化,中度惡化
121.563162,25.054342,1,受傷事故,健康路,2,改善,微幅改善
121.517403,25.04549,1,受傷事故,公園路,2,惡化,中度惡化
121.510583,25.04736,2,受傷事故,中華路1段,3,惡化,重度惡化
121.5475,25.053204,1,受傷事故,南京東西路,4,惡化,中度惡化
121.539773,25.097169,2,受傷事故,福林路,3,惡化,中度惡化
121.509197,25.047844,1,受傷事故,中華路1段,2,惡化,重度惡化
121.519429,25.046029,1,受傷事故,中華路1段,2,惡化,重度惡化
121.541752,25.024895,2,受傷事故,和平東路1、2、3段,3,惡化,重度惡化
121.533131,25.045912,1,受傷事故,民族東路,3,惡化,重度惡化
121.555361,25.056798,1,受傷事故,光復南北路,2,惡化,輕微惡化
121.556456,25.044066,2,受傷事故,光復南北路,3,惡化,輕微惡化
121.5594,25.04983,1,受傷事故,光復南北路,3,惡化,輕微惡化
121.558333,25.020457,1,受傷事故,和平東路1、2、3段,2,惡化,重度惡化
121.51015,25.046886,1,受傷事故,中華路1段,2,惡化,重度惡化
121.533131,25.045912,2,受傷事故,松江路,3,惡化,重度惡化
121.558715,25.049693,1,受傷事故,光復南北路,2,惡化,輕微惡化
121.557993,25.048456,1,受傷事故,南京東西路,2,惡化,中度惡化
121.572306,25.050215,1,受傷事故,南京東西路,2,惡化,中度惡化
121.57004,25.0498,2,受傷事故,八德路4段,3,惡化,輕微惡化
121.54395,25.097346,1,受傷事故,至善路2段,2,改善,有效改善
121.571647,25.050659,1,受傷事故,塔悠路,3,惡化,重度惡化
121.533131,25.045912,1,受傷事故,松江路,2,惡化,重度惡化
121.592232,25.054062,1,受傷事故,中坡北路,2,改善,有效改善
121.524139,25.101839,1,受傷事故,福國路,3,惡化,重度惡化
121.5414,25.024671,2,受傷事故,和平東路1、2、3段,2,惡化,重度惡化
121.543715,25.047768,4,受傷事故,復興北路,4,惡化,中度惡化
121.570065,25.050049,3,受傷事故,八德路4段,3,惡化,輕微惡化
121.528045,25.052292,1,受傷事故,南京東西路,2,惡化,中度惡化
121.511844,25.054072,1,死亡事故,南京東西路,2,惡化,中度惡化
121.528045,25.052292,1,死亡事故,南京東西路,2,惡化,中度惡化
121.510583,25.04736,1,死亡事故,中華路1段,2,惡化,重度惡化
121.528045,25.052292,1,死亡事故,南京東西路,2,惡化,中度惡化
121.581001,25.050744,2,死亡事故,八德路4段,2,惡化,輕微惡化
121.522831,25.052609,1,死亡事故,民族東路,2,惡化,重度惡化
121.534846,25.023952,4,死亡事故,新生南路3段,4,惡化,重度惡化
121.559589,25.085128,2,死亡事故,內湖路1段,2,惡化,中度惡化
121.549328,25.047841,2,死亡事故,八德路3段,2,改善,有效改善
121.568353,25.0823114,1,受傷事故,內湖路1段,2,惡化,中度惡化
121.5804407,25.044824,1,受傷事故,中坡北路,2,改善,有效改善
121.5867819,25.0498537,1,受傷事故,忠孝東路6段,2,改善,微幅改善
121.5865734,25.0487363,1,受傷事故,忠孝東路6段,2,改善,微幅改善
121.5147144,25.1017914,1,受傷事故,福國路,2,惡化,重度惡化
121.5799194,25.0495565,1,受傷事故,中坡北路,2,改善,有效改善
121.5698363,25.0584926,2,受傷事故,塔悠路,2,惡化,重度惡化
121.519088,25.102333,1,受傷事故,福國路,2,惡化,重度惡化
121.55894,25.085136,1,受傷事故,內湖路1段,2,惡化,中度惡化
121.592607,25.050421,1,受傷事故,忠孝東路6段,2,改善,微幅改善
121.551135,25.053078,1,受傷事故,南京東西路,2,惡化,中度惡化
121.545654,25.018168,1,受傷事故,基隆路3段,2,惡化,輕微惡化
121.580061,25.048867,1,受傷事故,中坡北路,2,改善,有效改善
121.55894,25.085136,1,受傷事故,內湖路1段,2,惡化,中度惡化
121.56069,25.084509,1,受傷事故,內湖路1段,2,惡化,中度惡化
121.586573,25.048736,2,受傷事故,忠孝東路6段,2,改善,微幅改善
121.592607,25.050421,2,受傷事故,忠孝東路6段,2,改善,微幅改善
121.559388,25.085135,1,受傷事故,內湖路1段,2,惡化,中度惡化
121.559372,25.085065,1,受傷事故,內湖路1段,2,惡化,中度惡化
121.553738,25.050842,1,受傷事故,南京東西路,2,惡化,中度惡化
121.580061,25.048867,1,受傷事故,中坡北路,3,改善,有效改善
121.580061,25.048867,3,受傷事故,中坡北路,3,改善,有效改善
121.589572,25.050072,1,受傷事故,忠孝東路6段,2,改善,微幅改善
121.580061,25.048867,2,受傷事故,中坡北路,3,改善,有效改善
