,A,A段落,B,B段落,Minihash相似度,抄襲程度,A文,B文,name
0,原文,第1段,三立2,第2段,0.109375,低相似性,「我試過離開，到頭來還是捨不得」從維大力廣告到相聲演員，他在台灣一待 30 年！,還記得20年前的維大力汽水廣告中的黑人嗎？經典台詞「維大力？義大利？維大力～Is it good to drink？」到現在依舊是大家爭相模仿的對象，他就是來自非洲剛果的伊馮（本名：Yvon Pierre Loufoua），近日他的近況曝光，做著進口貿易生意的伊馮，在台灣生了一對寶貝兒女，談到台灣，他透露非常喜歡台灣這個國家，在這邊住近這三十年，他開始在想放棄原本國家國籍，而訪談間，他也意外自爆自己曾對政治很熱衷。,原文第1段
1,原文,第1段,今日,第2段,0.0859375,低相似性,「我試過離開，到頭來還是捨不得」從維大力廣告到相聲演員，他在台灣一待 30 年！,「維大力...義大利？Is it good to drink？」還記得這幾句熟悉的廣告台詞嗎？20 年前的維大力經典廣告中，資深演員蔡振南和一位外國人逗趣的對話，至今仍深深印在許多民眾的腦海。時隔多年，許多人都很好奇「廣告中那個黑人去哪了？」近來有媒體追蹤報導，原來他是來自非洲剛果的伊馮（Yvon Pierre Loufoua），而現年 52 歲的他近況也曝光了！,原文第1段
2,原文,第1段,lovenews,第2段,0.1015625,低相似性,「我試過離開，到頭來還是捨不得」從維大力廣告到相聲演員，他在台灣一待 30 年！,1998年開播紅遍全台、大家爭相模仿成為口頭禪的維大力汽水廣告，這部廣告最大的看點就是其中的外籍演員，而他就是來自非洲剛果的伊馮（本名：Yvon Pierre Loufoua），來台30年的他近況曝光，不只做著進口貿易生意，還在台灣創下第一人紀錄！,原文第1段
3,原文,第1段,lookernews,第7段,0.1328125,低相似性,「我試過離開，到頭來還是捨不得」從維大力廣告到相聲演員，他在台灣一待 30 年！,現在他成為台灣第一個「非洲籍相聲演員」，也從事汽車零件、農業機械進出口貿易，加上又娶了台灣老婆，可說是愛情、事業兩得意，在台灣深根發芽，也是多年前絕對沒有想過的事情。,原文第1段
4,原文,第1段,CTWANT,第3段,0.140625,低相似性,「我試過離開，到頭來還是捨不得」從維大力廣告到相聲演員，他在台灣一待 30 年！,根據《換日線》報導，這位非洲演員伊馮在30多年前從家鄉剛果到大陸當交換學生，但當時的大陸社會風氣較封閉且非常排外，因此他聽從朋友的建議改到台灣來看看，他因此被這裡的人情味感動，即使離開了，也因為不捨又跑回來。,原文第1段
5,原文,第1段,udn,第3段,0.09375,低相似性,「我試過離開，到頭來還是捨不得」從維大力廣告到相聲演員，他在台灣一待 30 年！,而在新聞系學生劉郁葶於「換日線」撰寫的內容中，她採訪到了伊馮，透露了伊馮如今主要在做汽車零件、農業機械的進出口貿易，不僅如此，他也是漢霖說唱團的相聲演員，更是全台首位非洲裔的相聲演員。,原文第1段
6,原文,第1段,TVBS1,第3段,0.171875,低相似性,「我試過離開，到頭來還是捨不得」從維大力廣告到相聲演員，他在台灣一待 30 年！,據網媒換日線報導，現年52歲的伊馮表示，當初會來到亞洲主因是國家政策，先赴中國北京擔任語言交換生再到杭州念大學，但當地排外情況嚴重，在朋友建議下來到台灣，沒想到卻深深被這塊土地的人民熱情吸引駐留，「我試過離開台灣，到頭來還是捨不得，台灣已留在我的心上了」！,原文第1段
7,原文,第1段,網路溫度計,第6段,0.140625,低相似性,「我試過離開，到頭來還是捨不得」從維大力廣告到相聲演員，他在台灣一待 30 年！,而伊馮在台定居後主要是做汽車零件、農業機械的進出口貿易，但他的副業則是天差地遠的「相聲演員」。,原文第1段
8,原文,第1段,Fun一下,第2段,0.1015625,低相似性,「我試過離開，到頭來還是捨不得」從維大力廣告到相聲演員，他在台灣一待 30 年！,1998年開播紅遍全台、大家爭相模仿成為口頭禪的維大力汽水廣告，這部廣告最大的看點就是其中的外籍演員，而他就是來自非洲剛果的伊馮（本名：Yvon Pierre Loufoua），來台30年的他近況曝光，不只做著進口貿易生意，還在台灣創下第一人紀錄！,原文第1段
9,原文,第1段,三立1,第5段,0.1171875,低相似性,「我試過離開，到頭來還是捨不得」從維大力廣告到相聲演員，他在台灣一待 30 年！,雖然對闖蕩星河興趣缺缺，但伊馮偶爾還是會出現在螢光幕前，還曾參與相聲演出，成為台灣第一位非裔相聲演員，而他也向《三立新聞網》透露，今年8月將與蔡振南一起拍攝新戲，這不僅是兩人睽違20年的合體，也是廣告結束後兩人首次見面，讓他相當期待。,原文第1段
10,原文,第1段,達人秀,第2段,0.0859375,低相似性,「我試過離開，到頭來還是捨不得」從維大力廣告到相聲演員，他在台灣一待 30 年！,講起氣泡飲料「維大力」，大家心中一定會浮現資深演員蔡振南和另一位外籍人士的對話，「維大力」、「義大利？」、「It’s good to drink」，一晃眼20年過去至今仍是廣告金句，而外籍演員就是來自非洲的伊馮，現年52歲的他，不僅愛護台灣這塊土地，更是唯一一位非籍相聲演員。,原文第1段
11,原文,第2段,三立2,第2段,0.1953125,低相似性,還記得當年紅遍全台的維大力汽水廣告嗎？觀眾對片中的外籍演員，想必印象深刻，他就是伊馮，來自非洲剛果，30 年前漂洋過海來台灣，如今是全台第一位非洲裔的相聲演員。黝黑的皮膚、炯炯有神的雙眸，笑起來爽朗如宏鐘，坐在我面前的伊馮儼然是個大男孩，看不出已達半百的年紀。他用一口流利的台灣腔中文，娓娓道來他的人生故事：,還記得20年前的維大力汽水廣告中的黑人嗎？經典台詞「維大力？義大利？維大力～Is it good to drink？」到現在依舊是大家爭相模仿的對象，他就是來自非洲剛果的伊馮（本名：Yvon Pierre Loufoua），近日他的近況曝光，做著進口貿易生意的伊馮，在台灣生了一對寶貝兒女，談到台灣，他透露非常喜歡台灣這個國家，在這邊住近這三十年，他開始在想放棄原本國家國籍，而訪談間，他也意外自爆自己曾對政治很熱衷。,原文第2段
12,原文,第2段,今日,第2段,0.2578125,高相似性,還記得當年紅遍全台的維大力汽水廣告嗎？觀眾對片中的外籍演員，想必印象深刻，他就是伊馮，來自非洲剛果，30 年前漂洋過海來台灣，如今是全台第一位非洲裔的相聲演員。黝黑的皮膚、炯炯有神的雙眸，笑起來爽朗如宏鐘，坐在我面前的伊馮儼然是個大男孩，看不出已達半百的年紀。他用一口流利的台灣腔中文，娓娓道來他的人生故事：,「維大力...義大利？Is it good to drink？」還記得這幾句熟悉的廣告台詞嗎？20 年前的維大力經典廣告中，資深演員蔡振南和一位外國人逗趣的對話，至今仍深深印在許多民眾的腦海。時隔多年，許多人都很好奇「廣告中那個黑人去哪了？」近來有媒體追蹤報導，原來他是來自非洲剛果的伊馮（Yvon Pierre Loufoua），而現年 52 歲的他近況也曝光了！,原文第2段
13,原文,第2段,lovenews,第2段,0.3359375,高相似性,還記得當年紅遍全台的維大力汽水廣告嗎？觀眾對片中的外籍演員，想必印象深刻，他就是伊馮，來自非洲剛果，30 年前漂洋過海來台灣，如今是全台第一位非洲裔的相聲演員。黝黑的皮膚、炯炯有神的雙眸，笑起來爽朗如宏鐘，坐在我面前的伊馮儼然是個大男孩，看不出已達半百的年紀。他用一口流利的台灣腔中文，娓娓道來他的人生故事：,1998年開播紅遍全台、大家爭相模仿成為口頭禪的維大力汽水廣告，這部廣告最大的看點就是其中的外籍演員，而他就是來自非洲剛果的伊馮（本名：Yvon Pierre Loufoua），來台30年的他近況曝光，不只做著進口貿易生意，還在台灣創下第一人紀錄！,原文第2段
14,原文,第2段,lookernews,第1段,0.2109375,高相似性,還記得當年紅遍全台的維大力汽水廣告嗎？觀眾對片中的外籍演員，想必印象深刻，他就是伊馮，來自非洲剛果，30 年前漂洋過海來台灣，如今是全台第一位非洲裔的相聲演員。黝黑的皮膚、炯炯有神的雙眸，笑起來爽朗如宏鐘，坐在我面前的伊馮儼然是個大男孩，看不出已達半百的年紀。他用一口流利的台灣腔中文，娓娓道來他的人生故事：,維大力！還記得21年前「汽水廣告的伊馮」嗎　曾想回非洲「結果被警察攔下」：我太愛台灣了,原文第2段
15,原文,第2段,CTWANT,第1段,0.140625,低相似性,還記得當年紅遍全台的維大力汽水廣告嗎？觀眾對片中的外籍演員，想必印象深刻，他就是伊馮，來自非洲剛果，30 年前漂洋過海來台灣，如今是全台第一位非洲裔的相聲演員。黝黑的皮膚、炯炯有神的雙眸，笑起來爽朗如宏鐘，坐在我面前的伊馮儼然是個大男孩，看不出已達半百的年紀。他用一口流利的台灣腔中文，娓娓道來他的人生故事：,還記得維大力廣告的他嗎？21年後竟成為這職業的台灣第一人,原文第2段
16,原文,第2段,udn,第3段,0.1796875,低相似性,還記得當年紅遍全台的維大力汽水廣告嗎？觀眾對片中的外籍演員，想必印象深刻，他就是伊馮，來自非洲剛果，30 年前漂洋過海來台灣，如今是全台第一位非洲裔的相聲演員。黝黑的皮膚、炯炯有神的雙眸，笑起來爽朗如宏鐘，坐在我面前的伊馮儼然是個大男孩，看不出已達半百的年紀。他用一口流利的台灣腔中文，娓娓道來他的人生故事：,而在新聞系學生劉郁葶於「換日線」撰寫的內容中，她採訪到了伊馮，透露了伊馮如今主要在做汽車零件、農業機械的進出口貿易，不僅如此，他也是漢霖說唱團的相聲演員，更是全台首位非洲裔的相聲演員。,原文第2段
17,原文,第2段,TVBS1,第2段,0.203125,高相似性,還記得當年紅遍全台的維大力汽水廣告嗎？觀眾對片中的外籍演員，想必印象深刻，他就是伊馮，來自非洲剛果，30 年前漂洋過海來台灣，如今是全台第一位非洲裔的相聲演員。黝黑的皮膚、炯炯有神的雙眸，笑起來爽朗如宏鐘，坐在我面前的伊馮儼然是個大男孩，看不出已達半百的年紀。他用一口流利的台灣腔中文，娓娓道來他的人生故事：,「維大力」、「義大利」、「It's good to drink」還記得說這幾句經典台詞的外國人嗎？20年前來自非洲剛果的伊馮(Yvon Pierre Loufoua)與蔡振南憑著知名品牌維大力廣告逗趣的台詞，打響名號；時隔多年，伊馮超狂近況也跟著曝光！,原文第2段
18,原文,第2段,網路溫度計,第3段,0.1953125,低相似性,還記得當年紅遍全台的維大力汽水廣告嗎？觀眾對片中的外籍演員，想必印象深刻，他就是伊馮，來自非洲剛果，30 年前漂洋過海來台灣，如今是全台第一位非洲裔的相聲演員。黝黑的皮膚、炯炯有神的雙眸，笑起來爽朗如宏鐘，坐在我面前的伊馮儼然是個大男孩，看不出已達半百的年紀。他用一口流利的台灣腔中文，娓娓道來他的人生故事：,這部1998年開播的電視廣告紅遍全台，不過時隔超過20年，伊馮的成就可不是只有這支傳頌一個世代的廣告，他現在不只做進口貿易的工作，副業更是台灣第一位「非裔相聲演員」！ ,原文第2段
19,原文,第2段,Fun一下,第2段,0.3359375,高相似性,還記得當年紅遍全台的維大力汽水廣告嗎？觀眾對片中的外籍演員，想必印象深刻，他就是伊馮，來自非洲剛果，30 年前漂洋過海來台灣，如今是全台第一位非洲裔的相聲演員。黝黑的皮膚、炯炯有神的雙眸，笑起來爽朗如宏鐘，坐在我面前的伊馮儼然是個大男孩，看不出已達半百的年紀。他用一口流利的台灣腔中文，娓娓道來他的人生故事：,1998年開播紅遍全台、大家爭相模仿成為口頭禪的維大力汽水廣告，這部廣告最大的看點就是其中的外籍演員，而他就是來自非洲剛果的伊馮（本名：Yvon Pierre Loufoua），來台30年的他近況曝光，不只做著進口貿易生意，還在台灣創下第一人紀錄！,原文第2段
20,原文,第2段,三立1,第3段,0.1953125,低相似性,還記得當年紅遍全台的維大力汽水廣告嗎？觀眾對片中的外籍演員，想必印象深刻，他就是伊馮，來自非洲剛果，30 年前漂洋過海來台灣，如今是全台第一位非洲裔的相聲演員。黝黑的皮膚、炯炯有神的雙眸，笑起來爽朗如宏鐘，坐在我面前的伊馮儼然是個大男孩，看不出已達半百的年紀。他用一口流利的台灣腔中文，娓娓道來他的人生故事：,《三立新聞網》獨家訪問到伊馮，對於一支汽水廣告播了20年紅遍全台，伊馮也相當驚訝，坦言當初來台沒想過要從事演藝圈，拍了廣告之後才簽下了經紀約，不過他自認個性不適合這個行業，更透露當年拍廣告時蔡振南曾想幫他出唱片，讓伊馮從練習他的歌開始，「但我根本不是這塊料啊！」因此之後便沒在演藝圈繼續發展，目前則主要從事剛果和台灣之間汽車零件的進出口貿易。,原文第2段
21,原文,第2段,達人秀,第2段,0.1484375,低相似性,還記得當年紅遍全台的維大力汽水廣告嗎？觀眾對片中的外籍演員，想必印象深刻，他就是伊馮，來自非洲剛果，30 年前漂洋過海來台灣，如今是全台第一位非洲裔的相聲演員。黝黑的皮膚、炯炯有神的雙眸，笑起來爽朗如宏鐘，坐在我面前的伊馮儼然是個大男孩，看不出已達半百的年紀。他用一口流利的台灣腔中文，娓娓道來他的人生故事：,講起氣泡飲料「維大力」，大家心中一定會浮現資深演員蔡振南和另一位外籍人士的對話，「維大力」、「義大利？」、「It’s good to drink」，一晃眼20年過去至今仍是廣告金句，而外籍演員就是來自非洲的伊馮，現年52歲的他，不僅愛護台灣這塊土地，更是唯一一位非籍相聲演員。,原文第2段
22,原文,第3段,三立2,第2段,0.1875,低相似性,「維、大、力。」「義大利？」，還記得當年紅遍全台的維大力汽水廣告嗎？觀眾對片中的外籍演員，想必印象深刻，他就是伊馮，來自非洲剛果，30 年前漂洋過海來台灣，如今是全台第一位非洲裔的相聲演員。黝黑的皮膚、炯炯有神的雙眸，笑起來爽朗如宏鐘，坐在我面前的伊馮儼然是個大男孩，看不出已達半百的年紀。他用一口流利的台灣腔中文，娓娓道來他的人生故事：,還記得20年前的維大力汽水廣告中的黑人嗎？經典台詞「維大力？義大利？維大力～Is it good to drink？」到現在依舊是大家爭相模仿的對象，他就是來自非洲剛果的伊馮（本名：Yvon Pierre Loufoua），近日他的近況曝光，做著進口貿易生意的伊馮，在台灣生了一對寶貝兒女，談到台灣，他透露非常喜歡台灣這個國家，在這邊住近這三十年，他開始在想放棄原本國家國籍，而訪談間，他也意外自爆自己曾對政治很熱衷。,原文第3段
23,原文,第3段,今日,第2段,0.25,高相似性,「維、大、力。」「義大利？」，還記得當年紅遍全台的維大力汽水廣告嗎？觀眾對片中的外籍演員，想必印象深刻，他就是伊馮，來自非洲剛果，30 年前漂洋過海來台灣，如今是全台第一位非洲裔的相聲演員。黝黑的皮膚、炯炯有神的雙眸，笑起來爽朗如宏鐘，坐在我面前的伊馮儼然是個大男孩，看不出已達半百的年紀。他用一口流利的台灣腔中文，娓娓道來他的人生故事：,「維大力...義大利？Is it good to drink？」還記得這幾句熟悉的廣告台詞嗎？20 年前的維大力經典廣告中，資深演員蔡振南和一位外國人逗趣的對話，至今仍深深印在許多民眾的腦海。時隔多年，許多人都很好奇「廣告中那個黑人去哪了？」近來有媒體追蹤報導，原來他是來自非洲剛果的伊馮（Yvon Pierre Loufoua），而現年 52 歲的他近況也曝光了！,原文第3段
24,原文,第3段,lovenews,第2段,0.328125,高相似性,「維、大、力。」「義大利？」，還記得當年紅遍全台的維大力汽水廣告嗎？觀眾對片中的外籍演員，想必印象深刻，他就是伊馮，來自非洲剛果，30 年前漂洋過海來台灣，如今是全台第一位非洲裔的相聲演員。黝黑的皮膚、炯炯有神的雙眸，笑起來爽朗如宏鐘，坐在我面前的伊馮儼然是個大男孩，看不出已達半百的年紀。他用一口流利的台灣腔中文，娓娓道來他的人生故事：,1998年開播紅遍全台、大家爭相模仿成為口頭禪的維大力汽水廣告，這部廣告最大的看點就是其中的外籍演員，而他就是來自非洲剛果的伊馮（本名：Yvon Pierre Loufoua），來台30年的他近況曝光，不只做著進口貿易生意，還在台灣創下第一人紀錄！,原文第3段
25,原文,第3段,lookernews,第1段,0.2109375,高相似性,「維、大、力。」「義大利？」，還記得當年紅遍全台的維大力汽水廣告嗎？觀眾對片中的外籍演員，想必印象深刻，他就是伊馮，來自非洲剛果，30 年前漂洋過海來台灣，如今是全台第一位非洲裔的相聲演員。黝黑的皮膚、炯炯有神的雙眸，笑起來爽朗如宏鐘，坐在我面前的伊馮儼然是個大男孩，看不出已達半百的年紀。他用一口流利的台灣腔中文，娓娓道來他的人生故事：,維大力！還記得21年前「汽水廣告的伊馮」嗎　曾想回非洲「結果被警察攔下」：我太愛台灣了,原文第3段
26,原文,第3段,CTWANT,第1段,0.140625,低相似性,「維、大、力。」「義大利？」，還記得當年紅遍全台的維大力汽水廣告嗎？觀眾對片中的外籍演員，想必印象深刻，他就是伊馮，來自非洲剛果，30 年前漂洋過海來台灣，如今是全台第一位非洲裔的相聲演員。黝黑的皮膚、炯炯有神的雙眸，笑起來爽朗如宏鐘，坐在我面前的伊馮儼然是個大男孩，看不出已達半百的年紀。他用一口流利的台灣腔中文，娓娓道來他的人生故事：,還記得維大力廣告的他嗎？21年後竟成為這職業的台灣第一人,原文第3段
27,原文,第3段,udn,第3段,0.1796875,低相似性,「維、大、力。」「義大利？」，還記得當年紅遍全台的維大力汽水廣告嗎？觀眾對片中的外籍演員，想必印象深刻，他就是伊馮，來自非洲剛果，30 年前漂洋過海來台灣，如今是全台第一位非洲裔的相聲演員。黝黑的皮膚、炯炯有神的雙眸，笑起來爽朗如宏鐘，坐在我面前的伊馮儼然是個大男孩，看不出已達半百的年紀。他用一口流利的台灣腔中文，娓娓道來他的人生故事：,而在新聞系學生劉郁葶於「換日線」撰寫的內容中，她採訪到了伊馮，透露了伊馮如今主要在做汽車零件、農業機械的進出口貿易，不僅如此，他也是漢霖說唱團的相聲演員，更是全台首位非洲裔的相聲演員。,原文第3段
28,原文,第3段,TVBS1,第2段,0.1953125,低相似性,「維、大、力。」「義大利？」，還記得當年紅遍全台的維大力汽水廣告嗎？觀眾對片中的外籍演員，想必印象深刻，他就是伊馮，來自非洲剛果，30 年前漂洋過海來台灣，如今是全台第一位非洲裔的相聲演員。黝黑的皮膚、炯炯有神的雙眸，笑起來爽朗如宏鐘，坐在我面前的伊馮儼然是個大男孩，看不出已達半百的年紀。他用一口流利的台灣腔中文，娓娓道來他的人生故事：,「維大力」、「義大利」、「It's good to drink」還記得說這幾句經典台詞的外國人嗎？20年前來自非洲剛果的伊馮(Yvon Pierre Loufoua)與蔡振南憑著知名品牌維大力廣告逗趣的台詞，打響名號；時隔多年，伊馮超狂近況也跟著曝光！,原文第3段
29,原文,第3段,網路溫度計,第3段,0.1875,低相似性,「維、大、力。」「義大利？」，還記得當年紅遍全台的維大力汽水廣告嗎？觀眾對片中的外籍演員，想必印象深刻，他就是伊馮，來自非洲剛果，30 年前漂洋過海來台灣，如今是全台第一位非洲裔的相聲演員。黝黑的皮膚、炯炯有神的雙眸，笑起來爽朗如宏鐘，坐在我面前的伊馮儼然是個大男孩，看不出已達半百的年紀。他用一口流利的台灣腔中文，娓娓道來他的人生故事：,這部1998年開播的電視廣告紅遍全台，不過時隔超過20年，伊馮的成就可不是只有這支傳頌一個世代的廣告，他現在不只做進口貿易的工作，副業更是台灣第一位「非裔相聲演員」！ ,原文第3段
30,原文,第3段,Fun一下,第2段,0.328125,高相似性,「維、大、力。」「義大利？」，還記得當年紅遍全台的維大力汽水廣告嗎？觀眾對片中的外籍演員，想必印象深刻，他就是伊馮，來自非洲剛果，30 年前漂洋過海來台灣，如今是全台第一位非洲裔的相聲演員。黝黑的皮膚、炯炯有神的雙眸，笑起來爽朗如宏鐘，坐在我面前的伊馮儼然是個大男孩，看不出已達半百的年紀。他用一口流利的台灣腔中文，娓娓道來他的人生故事：,1998年開播紅遍全台、大家爭相模仿成為口頭禪的維大力汽水廣告，這部廣告最大的看點就是其中的外籍演員，而他就是來自非洲剛果的伊馮（本名：Yvon Pierre Loufoua），來台30年的他近況曝光，不只做著進口貿易生意，還在台灣創下第一人紀錄！,原文第3段
31,原文,第3段,三立1,第3段,0.1953125,低相似性,「維、大、力。」「義大利？」，還記得當年紅遍全台的維大力汽水廣告嗎？觀眾對片中的外籍演員，想必印象深刻，他就是伊馮，來自非洲剛果，30 年前漂洋過海來台灣，如今是全台第一位非洲裔的相聲演員。黝黑的皮膚、炯炯有神的雙眸，笑起來爽朗如宏鐘，坐在我面前的伊馮儼然是個大男孩，看不出已達半百的年紀。他用一口流利的台灣腔中文，娓娓道來他的人生故事：,《三立新聞網》獨家訪問到伊馮，對於一支汽水廣告播了20年紅遍全台，伊馮也相當驚訝，坦言當初來台沒想過要從事演藝圈，拍了廣告之後才簽下了經紀約，不過他自認個性不適合這個行業，更透露當年拍廣告時蔡振南曾想幫他出唱片，讓伊馮從練習他的歌開始，「但我根本不是這塊料啊！」因此之後便沒在演藝圈繼續發展，目前則主要從事剛果和台灣之間汽車零件的進出口貿易。,原文第3段
32,原文,第3段,達人秀,第2段,0.140625,低相似性,「維、大、力。」「義大利？」，還記得當年紅遍全台的維大力汽水廣告嗎？觀眾對片中的外籍演員，想必印象深刻，他就是伊馮，來自非洲剛果，30 年前漂洋過海來台灣，如今是全台第一位非洲裔的相聲演員。黝黑的皮膚、炯炯有神的雙眸，笑起來爽朗如宏鐘，坐在我面前的伊馮儼然是個大男孩，看不出已達半百的年紀。他用一口流利的台灣腔中文，娓娓道來他的人生故事：,講起氣泡飲料「維大力」，大家心中一定會浮現資深演員蔡振南和另一位外籍人士的對話，「維大力」、「義大利？」、「It’s good to drink」，一晃眼20年過去至今仍是廣告金句，而外籍演員就是來自非洲的伊馮，現年52歲的他，不僅愛護台灣這塊土地，更是唯一一位非籍相聲演員。,原文第3段
33,原文,第4段,三立2,第3段,0.1484375,低相似性,「我想去東方看看」：從剛果到台灣，我叫做伊馮，本名是 Yvon Pierre Loufoua，今年 52 歲。30 多年前，我從剛果到北京語言學院當交換學生，就大環境來說，會去交換是配合當時的國家政策；但以我個人的角度出發，則是很想接觸不同文化。剛果曾被法國殖民，當地主要接收西方的文化，國內有種「他們走在前面，我們必須要跟上」的氛圍，我想離開這樣的軌道，到東方吸收新的價值觀。,今年52歲的伊馮，平常因為工作關係，台北桃園兩地跑，相當享受現在的生活，雖然住台灣已經三十多年，但目前僅以永久居留權定居，他也自曝：「有一陣子在想，想放棄剛果國籍，因為原本國籍到哪邊都有點不方便，像是去大陸、香港都很麻煩。」訪談間他也笑說，想領台灣身分證，他覺得台灣是一個很自由的國家，他很喜歡去哪都很方便，還有投票權，而被記者問到本身有關心台灣政治？伊馮大笑：「以前我對政治很熱衷，當年我是扁迷，因為我覺得阿扁從一個辛苦小孩，一路爬到台北市長、總統，這個過程讓人覺得很厲害，但他被關以後，就不喜歡了，現在也對政治沒有這麼熱衷。」,原文第4段
34,原文,第4段,今日,第3段,0.125,低相似性,「我想去東方看看」：從剛果到台灣，我叫做伊馮，本名是 Yvon Pierre Loufoua，今年 52 歲。30 多年前，我從剛果到北京語言學院當交換學生，就大環境來說，會去交換是配合當時的國家政策；但以我個人的角度出發，則是很想接觸不同文化。剛果曾被法國殖民，當地主要接收西方的文化，國內有種「他們走在前面，我們必須要跟上」的氛圍，我想離開這樣的軌道，到東方吸收新的價值觀。,綜合媒體報導，一段 20 年前的維大力廣告，經典逗趣的台詞至今仍讓許多民眾琅琅上口。廣告中和資深演員蔡振南對話的外國人，現在究竟去哪了呢？事實上，他是來自非洲的伊馮（Yvon Pierre Loufoua），現年 52 歲，因為當年來到台灣就愛上了這片土地，因此選擇長住台灣。現在的他從事汽車零件、農業機械進出口貿易，但仍偶爾會上綜藝節目，更是台灣第一位「非洲相聲演員」。,原文第4段
35,原文,第4段,lovenews,第4段,0.2265625,高相似性,「我想去東方看看」：從剛果到台灣，我叫做伊馮，本名是 Yvon Pierre Loufoua，今年 52 歲。30 多年前，我從剛果到北京語言學院當交換學生，就大環境來說，會去交換是配合當時的國家政策；但以我個人的角度出發，則是很想接觸不同文化。剛果曾被法國殖民，當地主要接收西方的文化，國內有種「他們走在前面，我們必須要跟上」的氛圍，我想離開這樣的軌道，到東方吸收新的價值觀。,新聞系學生劉郁葶在《換日線》採訪報導，伊馮當初會來到華人地帶主要是因為國家政策，一開始是到北京擔任語言交換學生再去杭州念大學，當時的大陸社會較現在封閉，排外情況相對嚴重的關係，在朋友建議和推薦之下決定來到台灣。沒想到原本只是抱持著待一下就離開的想法，卻深深被這塊土地的人民熱情和親切吸引。,原文第4段
36,原文,第4段,lookernews,第3段,0.1875,低相似性,「我想去東方看看」：從剛果到台灣，我叫做伊馮，本名是 Yvon Pierre Loufoua，今年 52 歲。30 多年前，我從剛果到北京語言學院當交換學生，就大環境來說，會去交換是配合當時的國家政策；但以我個人的角度出發，則是很想接觸不同文化。剛果曾被法國殖民，當地主要接收西方的文化，國內有種「他們走在前面，我們必須要跟上」的氛圍，我想離開這樣的軌道，到東方吸收新的價值觀。,據《換日線》報導，伊馮其實一開始，是要到中國當交換學生學習中文，沒想到過去之後，卻發現當時的社會風氣很封閉，尤其非常排外，因此過得不是很好，後來被推薦來台灣，也只抱著「沾個醬油」的態度，預計待一下就想離開了，沒想到當時卻遇到讓他永生難忘的事情，變決定留在這個熱情的國度。,原文第4段
37,原文,第4段,CTWANT,第3段,0.2421875,高相似性,「我想去東方看看」：從剛果到台灣，我叫做伊馮，本名是 Yvon Pierre Loufoua，今年 52 歲。30 多年前，我從剛果到北京語言學院當交換學生，就大環境來說，會去交換是配合當時的國家政策；但以我個人的角度出發，則是很想接觸不同文化。剛果曾被法國殖民，當地主要接收西方的文化，國內有種「他們走在前面，我們必須要跟上」的氛圍，我想離開這樣的軌道，到東方吸收新的價值觀。,根據《換日線》報導，這位非洲演員伊馮在30多年前從家鄉剛果到大陸當交換學生，但當時的大陸社會風氣較封閉且非常排外，因此他聽從朋友的建議改到台灣來看看，他因此被這裡的人情味感動，即使離開了，也因為不捨又跑回來。,原文第4段
38,原文,第4段,udn,第3段,0.109375,低相似性,「我想去東方看看」：從剛果到台灣，我叫做伊馮，本名是 Yvon Pierre Loufoua，今年 52 歲。30 多年前，我從剛果到北京語言學院當交換學生，就大環境來說，會去交換是配合當時的國家政策；但以我個人的角度出發，則是很想接觸不同文化。剛果曾被法國殖民，當地主要接收西方的文化，國內有種「他們走在前面，我們必須要跟上」的氛圍，我想離開這樣的軌道，到東方吸收新的價值觀。,而在新聞系學生劉郁葶於「換日線」撰寫的內容中，她採訪到了伊馮，透露了伊馮如今主要在做汽車零件、農業機械的進出口貿易，不僅如此，他也是漢霖說唱團的相聲演員，更是全台首位非洲裔的相聲演員。,原文第4段
39,原文,第4段,TVBS1,第3段,0.15625,低相似性,「我想去東方看看」：從剛果到台灣，我叫做伊馮，本名是 Yvon Pierre Loufoua，今年 52 歲。30 多年前，我從剛果到北京語言學院當交換學生，就大環境來說，會去交換是配合當時的國家政策；但以我個人的角度出發，則是很想接觸不同文化。剛果曾被法國殖民，當地主要接收西方的文化，國內有種「他們走在前面，我們必須要跟上」的氛圍，我想離開這樣的軌道，到東方吸收新的價值觀。,據網媒換日線報導，現年52歲的伊馮表示，當初會來到亞洲主因是國家政策，先赴中國北京擔任語言交換生再到杭州念大學，但當地排外情況嚴重，在朋友建議下來到台灣，沒想到卻深深被這塊土地的人民熱情吸引駐留，「我試過離開台灣，到頭來還是捨不得，台灣已留在我的心上了」！,原文第4段
40,原文,第4段,網路溫度計,第4段,0.1484375,低相似性,「我想去東方看看」：從剛果到台灣，我叫做伊馮，本名是 Yvon Pierre Loufoua，今年 52 歲。30 多年前，我從剛果到北京語言學院當交換學生，就大環境來說，會去交換是配合當時的國家政策；但以我個人的角度出發，則是很想接觸不同文化。剛果曾被法國殖民，當地主要接收西方的文化，國內有種「他們走在前面，我們必須要跟上」的氛圍，我想離開這樣的軌道，到東方吸收新的價值觀。,根據《換日線》的報導，其實伊馮來台已經30年了，他當初會來華人地區主要是因國家政策，但原本預計在中國發展的他，因當時的中國社會風氣封閉，排外情況讓伊馮受挫，因此在朋友的推薦之下前往台灣——原本只打算待一陣子的他，一下子就被台灣人的熱情和親切吸引。,原文第4段
41,原文,第4段,Fun一下,第4段,0.2265625,高相似性,「我想去東方看看」：從剛果到台灣，我叫做伊馮，本名是 Yvon Pierre Loufoua，今年 52 歲。30 多年前，我從剛果到北京語言學院當交換學生，就大環境來說，會去交換是配合當時的國家政策；但以我個人的角度出發，則是很想接觸不同文化。剛果曾被法國殖民，當地主要接收西方的文化，國內有種「他們走在前面，我們必須要跟上」的氛圍，我想離開這樣的軌道，到東方吸收新的價值觀。,據《換日線》報導，伊馮當初會來到華人地帶主要是因為國家政策，一開始是到北京擔任語言交換學生再去杭州念大學，當時的大陸社會較現在封閉，排外情況相對嚴重的關係，在朋友建議和推薦之下決定來到台灣。沒想到原本只是抱持著待一下就離開的想法，卻深深被這塊土地的人民熱情和親切吸引。,原文第4段
42,原文,第4段,三立1,第4段,0.1328125,低相似性,「我想去東方看看」：從剛果到台灣，我叫做伊馮，本名是 Yvon Pierre Loufoua，今年 52 歲。30 多年前，我從剛果到北京語言學院當交換學生，就大環境來說，會去交換是配合當時的國家政策；但以我個人的角度出發，則是很想接觸不同文化。剛果曾被法國殖民，當地主要接收西方的文化，國內有種「他們走在前面，我們必須要跟上」的氛圍，我想離開這樣的軌道，到東方吸收新的價值觀。,伊馮30年前離開家鄉到中國大陸學習中文，但因當年大陸社會封閉，加上一些因素，他轉而來到台灣，原本沒想要多留的他被台灣人的熱情與親切吸引，一待就是30年，更在台灣結婚並育有一對寶貝兒女，對於爸爸曾因廣告走紅，伊馮透露女兒比較害羞，不是很喜歡提到這件事，但兒子就比較大方。擁有台灣永久居留權的他事業小有所成，目前把兒子送到美國讀書，而他也坦言剛果籍到許多國家都很麻煩，想要放棄原本國籍、獲得中華民國國籍。,原文第4段
43,原文,第4段,達人秀,第5段,0.15625,低相似性,「我想去東方看看」：從剛果到台灣，我叫做伊馮，本名是 Yvon Pierre Loufoua，今年 52 歲。30 多年前，我從剛果到北京語言學院當交換學生，就大環境來說，會去交換是配合當時的國家政策；但以我個人的角度出發，則是很想接觸不同文化。剛果曾被法國殖民，當地主要接收西方的文化，國內有種「他們走在前面，我們必須要跟上」的氛圍，我想離開這樣的軌道，到東方吸收新的價值觀。,而伊馮也鼓勵台灣人，更熟悉並熱愛自己的文化。他指出，過去曾有一名美國朋友因為不習慣台灣混亂的市容更稱是「養豬的地方」，不過伊馮卻從過去只想當個過客，到現在才發現「我離不開台灣」，透過一位外國人的眼睛，他認為台灣人反倒對外國文化很熟悉，他遺憾表示「台灣人不好好發揮自身的傳統文化，真的很可惜」。,原文第4段
44,原文,第5段,三立2,第2段,0.1484375,低相似性,我後來在杭州唸大學，唸了一年多就不想待了。我不太適應大陸的社會氣氛，那時的大陸比現在封閉許多，排外情況嚴重、人與人之間存在著距離感，吃飯時還需特別選擇餐廳。有朋友建議我來台灣看看，來台後發覺這裡彷彿是另一個世界，人很親切、一切很自由開放，因此我轉學到台灣大學念農業經濟系。我是在壓力很大的情況下離開大陸的，在大陸時還是吃西方食物、沒吃過中國菜，一到台灣感到很放鬆，才敢嘗試吃中式料理，臭豆腐、皮蛋、各種動物的內臟我都吃。,還記得20年前的維大力汽水廣告中的黑人嗎？經典台詞「維大力？義大利？維大力～Is it good to drink？」到現在依舊是大家爭相模仿的對象，他就是來自非洲剛果的伊馮（本名：Yvon Pierre Loufoua），近日他的近況曝光，做著進口貿易生意的伊馮，在台灣生了一對寶貝兒女，談到台灣，他透露非常喜歡台灣這個國家，在這邊住近這三十年，他開始在想放棄原本國家國籍，而訪談間，他也意外自爆自己曾對政治很熱衷。,原文第5段
45,原文,第5段,今日,第2段,0.1640625,低相似性,我後來在杭州唸大學，唸了一年多就不想待了。我不太適應大陸的社會氣氛，那時的大陸比現在封閉許多，排外情況嚴重、人與人之間存在著距離感，吃飯時還需特別選擇餐廳。有朋友建議我來台灣看看，來台後發覺這裡彷彿是另一個世界，人很親切、一切很自由開放，因此我轉學到台灣大學念農業經濟系。我是在壓力很大的情況下離開大陸的，在大陸時還是吃西方食物、沒吃過中國菜，一到台灣感到很放鬆，才敢嘗試吃中式料理，臭豆腐、皮蛋、各種動物的內臟我都吃。,「維大力...義大利？Is it good to drink？」還記得這幾句熟悉的廣告台詞嗎？20 年前的維大力經典廣告中，資深演員蔡振南和一位外國人逗趣的對話，至今仍深深印在許多民眾的腦海。時隔多年，許多人都很好奇「廣告中那個黑人去哪了？」近來有媒體追蹤報導，原來他是來自非洲剛果的伊馮（Yvon Pierre Loufoua），而現年 52 歲的他近況也曝光了！,原文第5段
46,原文,第5段,lovenews,第2段,0.1953125,低相似性,我後來在杭州唸大學，唸了一年多就不想待了。我不太適應大陸的社會氣氛，那時的大陸比現在封閉許多，排外情況嚴重、人與人之間存在著距離感，吃飯時還需特別選擇餐廳。有朋友建議我來台灣看看，來台後發覺這裡彷彿是另一個世界，人很親切、一切很自由開放，因此我轉學到台灣大學念農業經濟系。我是在壓力很大的情況下離開大陸的，在大陸時還是吃西方食物、沒吃過中國菜，一到台灣感到很放鬆，才敢嘗試吃中式料理，臭豆腐、皮蛋、各種動物的內臟我都吃。,1998年開播紅遍全台、大家爭相模仿成為口頭禪的維大力汽水廣告，這部廣告最大的看點就是其中的外籍演員，而他就是來自非洲剛果的伊馮（本名：Yvon Pierre Loufoua），來台30年的他近況曝光，不只做著進口貿易生意，還在台灣創下第一人紀錄！,原文第5段
47,原文,第5段,lookernews,第3段,0.2109375,高相似性,我後來在杭州唸大學，唸了一年多就不想待了。我不太適應大陸的社會氣氛，那時的大陸比現在封閉許多，排外情況嚴重、人與人之間存在著距離感，吃飯時還需特別選擇餐廳。有朋友建議我來台灣看看，來台後發覺這裡彷彿是另一個世界，人很親切、一切很自由開放，因此我轉學到台灣大學念農業經濟系。我是在壓力很大的情況下離開大陸的，在大陸時還是吃西方食物、沒吃過中國菜，一到台灣感到很放鬆，才敢嘗試吃中式料理，臭豆腐、皮蛋、各種動物的內臟我都吃。,據《換日線》報導，伊馮其實一開始，是要到中國當交換學生學習中文，沒想到過去之後，卻發現當時的社會風氣很封閉，尤其非常排外，因此過得不是很好，後來被推薦來台灣，也只抱著「沾個醬油」的態度，預計待一下就想離開了，沒想到當時卻遇到讓他永生難忘的事情，變決定留在這個熱情的國度。,原文第5段
48,原文,第5段,CTWANT,第3段,0.2109375,高相似性,我後來在杭州唸大學，唸了一年多就不想待了。我不太適應大陸的社會氣氛，那時的大陸比現在封閉許多，排外情況嚴重、人與人之間存在著距離感，吃飯時還需特別選擇餐廳。有朋友建議我來台灣看看，來台後發覺這裡彷彿是另一個世界，人很親切、一切很自由開放，因此我轉學到台灣大學念農業經濟系。我是在壓力很大的情況下離開大陸的，在大陸時還是吃西方食物、沒吃過中國菜，一到台灣感到很放鬆，才敢嘗試吃中式料理，臭豆腐、皮蛋、各種動物的內臟我都吃。,根據《換日線》報導，這位非洲演員伊馮在30多年前從家鄉剛果到大陸當交換學生，但當時的大陸社會風氣較封閉且非常排外，因此他聽從朋友的建議改到台灣來看看，他因此被這裡的人情味感動，即使離開了，也因為不捨又跑回來。,原文第5段
49,原文,第5段,udn,第3段,0.1171875,低相似性,我後來在杭州唸大學，唸了一年多就不想待了。我不太適應大陸的社會氣氛，那時的大陸比現在封閉許多，排外情況嚴重、人與人之間存在著距離感，吃飯時還需特別選擇餐廳。有朋友建議我來台灣看看，來台後發覺這裡彷彿是另一個世界，人很親切、一切很自由開放，因此我轉學到台灣大學念農業經濟系。我是在壓力很大的情況下離開大陸的，在大陸時還是吃西方食物、沒吃過中國菜，一到台灣感到很放鬆，才敢嘗試吃中式料理，臭豆腐、皮蛋、各種動物的內臟我都吃。,而在新聞系學生劉郁葶於「換日線」撰寫的內容中，她採訪到了伊馮，透露了伊馮如今主要在做汽車零件、農業機械的進出口貿易，不僅如此，他也是漢霖說唱團的相聲演員，更是全台首位非洲裔的相聲演員。,原文第5段
50,原文,第5段,TVBS1,第3段,0.203125,高相似性,我後來在杭州唸大學，唸了一年多就不想待了。我不太適應大陸的社會氣氛，那時的大陸比現在封閉許多，排外情況嚴重、人與人之間存在著距離感，吃飯時還需特別選擇餐廳。有朋友建議我來台灣看看，來台後發覺這裡彷彿是另一個世界，人很親切、一切很自由開放，因此我轉學到台灣大學念農業經濟系。我是在壓力很大的情況下離開大陸的，在大陸時還是吃西方食物、沒吃過中國菜，一到台灣感到很放鬆，才敢嘗試吃中式料理，臭豆腐、皮蛋、各種動物的內臟我都吃。,據網媒換日線報導，現年52歲的伊馮表示，當初會來到亞洲主因是國家政策，先赴中國北京擔任語言交換生再到杭州念大學，但當地排外情況嚴重，在朋友建議下來到台灣，沒想到卻深深被這塊土地的人民熱情吸引駐留，「我試過離開台灣，到頭來還是捨不得，台灣已留在我的心上了」！,原文第5段
51,原文,第5段,網路溫度計,第4段,0.2421875,高相似性,我後來在杭州唸大學，唸了一年多就不想待了。我不太適應大陸的社會氣氛，那時的大陸比現在封閉許多，排外情況嚴重、人與人之間存在著距離感，吃飯時還需特別選擇餐廳。有朋友建議我來台灣看看，來台後發覺這裡彷彿是另一個世界，人很親切、一切很自由開放，因此我轉學到台灣大學念農業經濟系。我是在壓力很大的情況下離開大陸的，在大陸時還是吃西方食物、沒吃過中國菜，一到台灣感到很放鬆，才敢嘗試吃中式料理，臭豆腐、皮蛋、各種動物的內臟我都吃。,根據《換日線》的報導，其實伊馮來台已經30年了，他當初會來華人地區主要是因國家政策，但原本預計在中國發展的他，因當時的中國社會風氣封閉，排外情況讓伊馮受挫，因此在朋友的推薦之下前往台灣——原本只打算待一陣子的他，一下子就被台灣人的熱情和親切吸引。,原文第5段
52,原文,第5段,Fun一下,第4段,0.203125,高相似性,我後來在杭州唸大學，唸了一年多就不想待了。我不太適應大陸的社會氣氛，那時的大陸比現在封閉許多，排外情況嚴重、人與人之間存在著距離感，吃飯時還需特別選擇餐廳。有朋友建議我來台灣看看，來台後發覺這裡彷彿是另一個世界，人很親切、一切很自由開放，因此我轉學到台灣大學念農業經濟系。我是在壓力很大的情況下離開大陸的，在大陸時還是吃西方食物、沒吃過中國菜，一到台灣感到很放鬆，才敢嘗試吃中式料理，臭豆腐、皮蛋、各種動物的內臟我都吃。,據《換日線》報導，伊馮當初會來到華人地帶主要是因為國家政策，一開始是到北京擔任語言交換學生再去杭州念大學，當時的大陸社會較現在封閉，排外情況相對嚴重的關係，在朋友建議和推薦之下決定來到台灣。沒想到原本只是抱持著待一下就離開的想法，卻深深被這塊土地的人民熱情和親切吸引。,原文第5段
53,原文,第5段,三立1,第3段,0.1640625,低相似性,我後來在杭州唸大學，唸了一年多就不想待了。我不太適應大陸的社會氣氛，那時的大陸比現在封閉許多，排外情況嚴重、人與人之間存在著距離感，吃飯時還需特別選擇餐廳。有朋友建議我來台灣看看，來台後發覺這裡彷彿是另一個世界，人很親切、一切很自由開放，因此我轉學到台灣大學念農業經濟系。我是在壓力很大的情況下離開大陸的，在大陸時還是吃西方食物、沒吃過中國菜，一到台灣感到很放鬆，才敢嘗試吃中式料理，臭豆腐、皮蛋、各種動物的內臟我都吃。,《三立新聞網》獨家訪問到伊馮，對於一支汽水廣告播了20年紅遍全台，伊馮也相當驚訝，坦言當初來台沒想過要從事演藝圈，拍了廣告之後才簽下了經紀約，不過他自認個性不適合這個行業，更透露當年拍廣告時蔡振南曾想幫他出唱片，讓伊馮從練習他的歌開始，「但我根本不是這塊料啊！」因此之後便沒在演藝圈繼續發展，目前則主要從事剛果和台灣之間汽車零件的進出口貿易。,原文第5段
54,原文,第5段,達人秀,第4段,0.203125,高相似性,我後來在杭州唸大學，唸了一年多就不想待了。我不太適應大陸的社會氣氛，那時的大陸比現在封閉許多，排外情況嚴重、人與人之間存在著距離感，吃飯時還需特別選擇餐廳。有朋友建議我來台灣看看，來台後發覺這裡彷彿是另一個世界，人很親切、一切很自由開放，因此我轉學到台灣大學念農業經濟系。我是在壓力很大的情況下離開大陸的，在大陸時還是吃西方食物、沒吃過中國菜，一到台灣感到很放鬆，才敢嘗試吃中式料理，臭豆腐、皮蛋、各種動物的內臟我都吃。,然而伊馮過去是先後在大陸的北京、杭州念書，然而他卻直言適應困難，並指出「那時的大陸比起現在封閉許多，很排外而且人與人之間距離感深」，是台灣的人情味讓他卸下心防。據悉，伊馮起初到台灣身無分文，因為他一心想離開，然而來到這裡卻讓他改觀，他舉例警察的熱心、高中生替他找工作等等，這才讓伊馮開始願意接受這裡的文化，甚至首度嘗試中式料理。,原文第5段
55,原文,第6段,三立2,第4段,0.0859375,低相似性,與相聲結緣，認識中文之美，有次我在肯德基教一名孩子英文，漢霖說唱團的團長王振全經過時無意間聽到，他認為非洲人講話帶著北京口音很特別，因此找我去說相聲。我以為說唱團是宣揚宗教的團體，就沒有搭理他們，但漢霖依然把很多相聲段子寄給我，每隔一段時間就會打電話問是否在聽。那時我在餐廳打工，時薪只有六、七十塊，工作很辛苦繁重，難以兼顧學業。,笑談自己對政治的熱衷，也讓外界相當好奇，曾因為一支廣告走紅的他，怎麼沒有留在演藝圈繼續發展，他說：「當年拍廣告時，南哥（蔡振南）有說要幫我出唱片，叫我從練習他的歌曲開始，但我根本不是這塊的料啊！」伊馮30年前一個人離開自己的家鄉到大陸學習中文，但當年，大陸社會封閉，加上一些因素，他轉而來到台灣，因為汽水廣告演出爆紅，也接了戲劇，近幾年還參與相聲演出，可說是台灣第一位非裔相聲演員。,原文第6段
56,原文,第6段,今日,第5段,0.1484375,低相似性,與相聲結緣，認識中文之美，有次我在肯德基教一名孩子英文，漢霖說唱團的團長王振全經過時無意間聽到，他認為非洲人講話帶著北京口音很特別，因此找我去說相聲。我以為說唱團是宣揚宗教的團體，就沒有搭理他們，但漢霖依然把很多相聲段子寄給我，每隔一段時間就會打電話問是否在聽。那時我在餐廳打工，時薪只有六、七十塊，工作很辛苦繁重，難以兼顧學業。,伊馮提到，自己後來找到教英文的工作，並且被《漢霖民俗說唱藝術團》的團長王振全相中，認為他雖然是非洲人，中文卻帶「北京腔」，實在太有趣，因此邀請他加入劇團，沒想到，他就這樣成為台灣第一位非裔相聲演員。伊馮最後也提到，自己曾有美國的朋友因為不習慣台灣混亂的市容，形容是「養豬的地方」，質疑他為何選擇待在台灣，但伊馮卻不這麼認為；他直言，正是看到了台灣的美才讓他選擇留下來。,原文第6段
57,原文,第6段,lovenews,第5段,0.15625,低相似性,與相聲結緣，認識中文之美，有次我在肯德基教一名孩子英文，漢霖說唱團的團長王振全經過時無意間聽到，他認為非洲人講話帶著北京口音很特別，因此找我去說相聲。我以為說唱團是宣揚宗教的團體，就沒有搭理他們，但漢霖依然把很多相聲段子寄給我，每隔一段時間就會打電話問是否在聽。那時我在餐廳打工，時薪只有六、七十塊，工作很辛苦繁重，難以兼顧學業。,剛來台不久時，伊馮在餐廳吃著水餃和隔壁的高中生聊天，原本只是找話題談到工作機會，怎料對方卻認真思考不停翻找著電話，還主動說要介紹到自己舅舅家工廠工作。還有一次搭錯火車，已經晚上10點了都沒有公車經過，看見警察接近時特別害怕，因為在他國遇到的警察態度都不是很友善，因此決定假裝不會中文。,原文第6段
58,原文,第6段,lookernews,第6段,0.1171875,低相似性,與相聲結緣，認識中文之美，有次我在肯德基教一名孩子英文，漢霖說唱團的團長王振全經過時無意間聽到，他認為非洲人講話帶著北京口音很特別，因此找我去說相聲。我以為說唱團是宣揚宗教的團體，就沒有搭理他們，但漢霖依然把很多相聲段子寄給我，每隔一段時間就會打電話問是否在聽。那時我在餐廳打工，時薪只有六、七十塊，工作很辛苦繁重，難以兼顧學業。,伊馮坦言，那個時候對警察都沒有好印象，所以就假裝自己不會中文，也不是很想攀談，沒想到對方卻親切說：「這裡等不到公車的！」接著就主動在他到可以等車的地方，讓他直呼台灣真的是有著滿滿的人情味，也有點愧咎，竟然假裝自己不會中文，不過也因為台灣人真的很讚，所以才一待就是30年。,原文第6段
59,原文,第6段,CTWANT,第4段,0.2890625,高相似性,與相聲結緣，認識中文之美，有次我在肯德基教一名孩子英文，漢霖說唱團的團長王振全經過時無意間聽到，他認為非洲人講話帶著北京口音很特別，因此找我去說相聲。我以為說唱團是宣揚宗教的團體，就沒有搭理他們，但漢霖依然把很多相聲段子寄給我，每隔一段時間就會打電話問是否在聽。那時我在餐廳打工，時薪只有六、七十塊，工作很辛苦繁重，難以兼顧學業。,伊馮說，某次他在速食店教學生英文時，被無意經過的《漢霖民俗說唱藝術團》團長王振全相中，認為這個非洲人講中文帶著北京口音很特別，因此開啟了與相聲的淵源，讓他成為台灣第一位「非裔相聲演員」。,原文第6段
60,原文,第6段,udn,第3段,0.078125,低相似性,與相聲結緣，認識中文之美，有次我在肯德基教一名孩子英文，漢霖說唱團的團長王振全經過時無意間聽到，他認為非洲人講話帶著北京口音很特別，因此找我去說相聲。我以為說唱團是宣揚宗教的團體，就沒有搭理他們，但漢霖依然把很多相聲段子寄給我，每隔一段時間就會打電話問是否在聽。那時我在餐廳打工，時薪只有六、七十塊，工作很辛苦繁重，難以兼顧學業。,而在新聞系學生劉郁葶於「換日線」撰寫的內容中，她採訪到了伊馮，透露了伊馮如今主要在做汽車零件、農業機械的進出口貿易，不僅如此，他也是漢霖說唱團的相聲演員，更是全台首位非洲裔的相聲演員。,原文第6段
61,原文,第6段,TVBS1,第4段,0.125,低相似性,與相聲結緣，認識中文之美，有次我在肯德基教一名孩子英文，漢霖說唱團的團長王振全經過時無意間聽到，他認為非洲人講話帶著北京口音很特別，因此找我去說相聲。我以為說唱團是宣揚宗教的團體，就沒有搭理他們，但漢霖依然把很多相聲段子寄給我，每隔一段時間就會打電話問是否在聽。那時我在餐廳打工，時薪只有六、七十塊，工作很辛苦繁重，難以兼顧學業。,據了解，伊馮目前從事汽車零件、農業機械進出口貿易，副業則是「相聲演員」，而他成為演員的過程也十分奇妙，他表示當時剛來到台灣不久，某次在速食店幫學生上家教時，意外被《漢霖民俗說唱藝術團》的團長王振全相中，認為伊馮是非洲人，講的中文卻帶著北京腔，覺得相當有趣，便熱情邀他加入劇團，沒想到不僅讓伊馮成了台灣第一位「非洲裔相聲演員」，也變成了他熱愛的終生職業。,原文第6段
62,原文,第6段,網路溫度計,第7段,0.1484375,低相似性,與相聲結緣，認識中文之美，有次我在肯德基教一名孩子英文，漢霖說唱團的團長王振全經過時無意間聽到，他認為非洲人講話帶著北京口音很特別，因此找我去說相聲。我以為說唱團是宣揚宗教的團體，就沒有搭理他們，但漢霖依然把很多相聲段子寄給我，每隔一段時間就會打電話問是否在聽。那時我在餐廳打工，時薪只有六、七十塊，工作很辛苦繁重，難以兼顧學業。,會有這樣的緣分是有次伊馮在教英文時，被漢霖說唱團的團長王振全相中，在王團長的熱情邀請下，伊馮就成了「台灣第一位非裔相聲演員」了！,原文第6段
63,原文,第6段,Fun一下,第5段,0.15625,低相似性,與相聲結緣，認識中文之美，有次我在肯德基教一名孩子英文，漢霖說唱團的團長王振全經過時無意間聽到，他認為非洲人講話帶著北京口音很特別，因此找我去說相聲。我以為說唱團是宣揚宗教的團體，就沒有搭理他們，但漢霖依然把很多相聲段子寄給我，每隔一段時間就會打電話問是否在聽。那時我在餐廳打工，時薪只有六、七十塊，工作很辛苦繁重，難以兼顧學業。,剛來台不久時，伊馮在餐廳吃著水餃和隔壁的高中生聊天，原本只是找話題談到工作機會，怎料對方卻認真思考不停翻找著電話，還主動說要介紹到自己舅舅家工廠工作。還有一次搭錯火車，已經晚上10點了都沒有公車經過，看見警察接近時特別害怕，因為在他國遇到的警察態度都不是很友善，因此決定假裝不會中文。,原文第6段
64,原文,第6段,三立1,第3段,0.0859375,低相似性,與相聲結緣，認識中文之美，有次我在肯德基教一名孩子英文，漢霖說唱團的團長王振全經過時無意間聽到，他認為非洲人講話帶著北京口音很特別，因此找我去說相聲。我以為說唱團是宣揚宗教的團體，就沒有搭理他們，但漢霖依然把很多相聲段子寄給我，每隔一段時間就會打電話問是否在聽。那時我在餐廳打工，時薪只有六、七十塊，工作很辛苦繁重，難以兼顧學業。,《三立新聞網》獨家訪問到伊馮，對於一支汽水廣告播了20年紅遍全台，伊馮也相當驚訝，坦言當初來台沒想過要從事演藝圈，拍了廣告之後才簽下了經紀約，不過他自認個性不適合這個行業，更透露當年拍廣告時蔡振南曾想幫他出唱片，讓伊馮從練習他的歌開始，「但我根本不是這塊料啊！」因此之後便沒在演藝圈繼續發展，目前則主要從事剛果和台灣之間汽車零件的進出口貿易。,原文第6段
65,原文,第6段,達人秀,第3段,0.1484375,低相似性,與相聲結緣，認識中文之美，有次我在肯德基教一名孩子英文，漢霖說唱團的團長王振全經過時無意間聽到，他認為非洲人講話帶著北京口音很特別，因此找我去說相聲。我以為說唱團是宣揚宗教的團體，就沒有搭理他們，但漢霖依然把很多相聲段子寄給我，每隔一段時間就會打電話問是否在聽。那時我在餐廳打工，時薪只有六、七十塊，工作很辛苦繁重，難以兼顧學業。,因為演出氣泡飲料「維大力」而瞬間爆紅的非洲演員伊馮（本名Yvon Pierre Loufoua），現年已有52歲，目前仍活躍於幕前除了少數上過台灣綜藝節目，更是台灣第一位「非洲相聲演員」，伊馮成為演員的契機也相當奇妙。根據《換日線》報導，伊馮透露30年前他獨自離開家鄉非洲剛果，先是在大陸學習中文，接著也來到台灣，一次在肯德基接家教時，被漢霖說唱團的團長王振全巧遇認為伊馮「身為非洲人卻帶有一口北京腔中文」相當有趣，因此力邀他加入劇團，沒想到一講就成為他的終生職業。,原文第6段
66,原文,第7段,三立2,第3段,0.0390625,低相似性,有次漢霖說唱在幼獅藝文中心公演，找我當副手打燈，結束時我得到 1,今年52歲的伊馮，平常因為工作關係，台北桃園兩地跑，相當享受現在的生活，雖然住台灣已經三十多年，但目前僅以永久居留權定居，他也自曝：「有一陣子在想，想放棄剛果國籍，因為原本國籍到哪邊都有點不方便，像是去大陸、香港都很麻煩。」訪談間他也笑說，想領台灣身分證，他覺得台灣是一個很自由的國家，他很喜歡去哪都很方便，還有投票權，而被記者問到本身有關心台灣政治？伊馮大笑：「以前我對政治很熱衷，當年我是扁迷，因為我覺得阿扁從一個辛苦小孩，一路爬到台北市長、總統，這個過程讓人覺得很厲害，但他被關以後，就不喜歡了，現在也對政治沒有這麼熱衷。」,原文第7段
67,原文,第7段,今日,第2段,0.046875,低相似性,有次漢霖說唱在幼獅藝文中心公演，找我當副手打燈，結束時我得到 1,「維大力...義大利？Is it good to drink？」還記得這幾句熟悉的廣告台詞嗎？20 年前的維大力經典廣告中，資深演員蔡振南和一位外國人逗趣的對話，至今仍深深印在許多民眾的腦海。時隔多年，許多人都很好奇「廣告中那個黑人去哪了？」近來有媒體追蹤報導，原來他是來自非洲剛果的伊馮（Yvon Pierre Loufoua），而現年 52 歲的他近況也曝光了！,原文第7段
68,原文,第7段,lovenews,第6段,0.09375,低相似性,有次漢霖說唱在幼獅藝文中心公演，找我當副手打燈，結束時我得到 1,沒想到警察接近後親切告知「這裡等不到公車的」，主動載伊馮到可以等車的地方，他說當下的心情滿是愧疚。現在的他主要工作是汽車零件、農業機械的進出口貿易，副業則是很特別的「相聲演員」，這樣的緣分是有次在教英文時被漢霖說唱團團長王振全聽到，猛烈邀請後成了台灣第一位非洲裔的相聲演員。,原文第7段
69,原文,第7段,lookernews,第7段,0.0703125,低相似性,有次漢霖說唱在幼獅藝文中心公演，找我當副手打燈，結束時我得到 1,現在他成為台灣第一個「非洲籍相聲演員」，也從事汽車零件、農業機械進出口貿易，加上又娶了台灣老婆，可說是愛情、事業兩得意，在台灣深根發芽，也是多年前絕對沒有想過的事情。,原文第7段
70,原文,第7段,CTWANT,第4段,0.0625,低相似性,有次漢霖說唱在幼獅藝文中心公演，找我當副手打燈，結束時我得到 1,伊馮說，某次他在速食店教學生英文時，被無意經過的《漢霖民俗說唱藝術團》團長王振全相中，認為這個非洲人講中文帶著北京口音很特別，因此開啟了與相聲的淵源，讓他成為台灣第一位「非裔相聲演員」。,原文第7段
71,原文,第7段,udn,第3段,0.046875,低相似性,有次漢霖說唱在幼獅藝文中心公演，找我當副手打燈，結束時我得到 1,而在新聞系學生劉郁葶於「換日線」撰寫的內容中，她採訪到了伊馮，透露了伊馮如今主要在做汽車零件、農業機械的進出口貿易，不僅如此，他也是漢霖說唱團的相聲演員，更是全台首位非洲裔的相聲演員。,原文第7段
72,原文,第7段,TVBS1,第3段,0.0625,低相似性,有次漢霖說唱在幼獅藝文中心公演，找我當副手打燈，結束時我得到 1,據網媒換日線報導，現年52歲的伊馮表示，當初會來到亞洲主因是國家政策，先赴中國北京擔任語言交換生再到杭州念大學，但當地排外情況嚴重，在朋友建議下來到台灣，沒想到卻深深被這塊土地的人民熱情吸引駐留，「我試過離開台灣，到頭來還是捨不得，台灣已留在我的心上了」！,原文第7段
73,原文,第7段,網路溫度計,第7段,0.1015625,低相似性,有次漢霖說唱在幼獅藝文中心公演，找我當副手打燈，結束時我得到 1,會有這樣的緣分是有次伊馮在教英文時，被漢霖說唱團的團長王振全相中，在王團長的熱情邀請下，伊馮就成了「台灣第一位非裔相聲演員」了！,原文第7段
74,原文,第7段,Fun一下,第6段,0.09375,低相似性,有次漢霖說唱在幼獅藝文中心公演，找我當副手打燈，結束時我得到 1,沒想到警察接近後親切告知「這裡等不到公車的」，主動載伊馮到可以等車的地方，他說當下的心情滿是愧疚。現在的他主要工作是汽車零件、農業機械的進出口貿易，副業則是很特別的「相聲演員」，這樣的緣分是有次在教英文時被漢霖說唱團團長王振全聽到，猛烈邀請後成了台灣第一位非洲裔的相聲演員。,原文第7段
75,原文,第7段,三立1,第5段,0.0546875,低相似性,有次漢霖說唱在幼獅藝文中心公演，找我當副手打燈，結束時我得到 1,雖然對闖蕩星河興趣缺缺，但伊馮偶爾還是會出現在螢光幕前，還曾參與相聲演出，成為台灣第一位非裔相聲演員，而他也向《三立新聞網》透露，今年8月將與蔡振南一起拍攝新戲，這不僅是兩人睽違20年的合體，也是廣告結束後兩人首次見面，讓他相當期待。,原文第7段
76,原文,第7段,達人秀,第4段,0.0390625,低相似性,有次漢霖說唱在幼獅藝文中心公演，找我當副手打燈，結束時我得到 1,然而伊馮過去是先後在大陸的北京、杭州念書，然而他卻直言適應困難，並指出「那時的大陸比起現在封閉許多，很排外而且人與人之間距離感深」，是台灣的人情味讓他卸下心防。據悉，伊馮起初到台灣身無分文，因為他一心想離開，然而來到這裡卻讓他改觀，他舉例警察的熱心、高中生替他找工作等等，這才讓伊馮開始願意接受這裡的文化，甚至首度嘗試中式料理。,原文第7段
77,原文,第8段,三立2,第3段,0.1875,低相似性,「人生沒有辦法知道未來是怎麼樣，你很難去掌握以後一定是做什麼。你不知道生活會牽著你去哪。」如今，我主要的工作是在做汽車零件、農業機械的進出口貿易，但只要漢霖說唱公演，我就會到現場表演相聲。,今年52歲的伊馮，平常因為工作關係，台北桃園兩地跑，相當享受現在的生活，雖然住台灣已經三十多年，但目前僅以永久居留權定居，他也自曝：「有一陣子在想，想放棄剛果國籍，因為原本國籍到哪邊都有點不方便，像是去大陸、香港都很麻煩。」訪談間他也笑說，想領台灣身分證，他覺得台灣是一個很自由的國家，他很喜歡去哪都很方便，還有投票權，而被記者問到本身有關心台灣政治？伊馮大笑：「以前我對政治很熱衷，當年我是扁迷，因為我覺得阿扁從一個辛苦小孩，一路爬到台北市長、總統，這個過程讓人覺得很厲害，但他被關以後，就不喜歡了，現在也對政治沒有這麼熱衷。」,原文第8段
78,原文,第8段,今日,第3段,0.1484375,低相似性,「人生沒有辦法知道未來是怎麼樣，你很難去掌握以後一定是做什麼。你不知道生活會牽著你去哪。」如今，我主要的工作是在做汽車零件、農業機械的進出口貿易，但只要漢霖說唱公演，我就會到現場表演相聲。,綜合媒體報導，一段 20 年前的維大力廣告，經典逗趣的台詞至今仍讓許多民眾琅琅上口。廣告中和資深演員蔡振南對話的外國人，現在究竟去哪了呢？事實上，他是來自非洲的伊馮（Yvon Pierre Loufoua），現年 52 歲，因為當年來到台灣就愛上了這片土地，因此選擇長住台灣。現在的他從事汽車零件、農業機械進出口貿易，但仍偶爾會上綜藝節目，更是台灣第一位「非洲相聲演員」。,原文第8段
79,原文,第8段,lovenews,第6段,0.2265625,高相似性,「人生沒有辦法知道未來是怎麼樣，你很難去掌握以後一定是做什麼。你不知道生活會牽著你去哪。」如今，我主要的工作是在做汽車零件、農業機械的進出口貿易，但只要漢霖說唱公演，我就會到現場表演相聲。,沒想到警察接近後親切告知「這裡等不到公車的」，主動載伊馮到可以等車的地方，他說當下的心情滿是愧疚。現在的他主要工作是汽車零件、農業機械的進出口貿易，副業則是很特別的「相聲演員」，這樣的緣分是有次在教英文時被漢霖說唱團團長王振全聽到，猛烈邀請後成了台灣第一位非洲裔的相聲演員。,原文第8段
80,原文,第8段,lookernews,第6段,0.171875,低相似性,「人生沒有辦法知道未來是怎麼樣，你很難去掌握以後一定是做什麼。你不知道生活會牽著你去哪。」如今，我主要的工作是在做汽車零件、農業機械的進出口貿易，但只要漢霖說唱公演，我就會到現場表演相聲。,伊馮坦言，那個時候對警察都沒有好印象，所以就假裝自己不會中文，也不是很想攀談，沒想到對方卻親切說：「這裡等不到公車的！」接著就主動在他到可以等車的地方，讓他直呼台灣真的是有著滿滿的人情味，也有點愧咎，竟然假裝自己不會中文，不過也因為台灣人真的很讚，所以才一待就是30年。,原文第8段
81,原文,第8段,CTWANT,第3段,0.109375,低相似性,「人生沒有辦法知道未來是怎麼樣，你很難去掌握以後一定是做什麼。你不知道生活會牽著你去哪。」如今，我主要的工作是在做汽車零件、農業機械的進出口貿易，但只要漢霖說唱公演，我就會到現場表演相聲。,根據《換日線》報導，這位非洲演員伊馮在30多年前從家鄉剛果到大陸當交換學生，但當時的大陸社會風氣較封閉且非常排外，因此他聽從朋友的建議改到台灣來看看，他因此被這裡的人情味感動，即使離開了，也因為不捨又跑回來。,原文第8段
82,原文,第8段,udn,第3段,0.21875,高相似性,「人生沒有辦法知道未來是怎麼樣，你很難去掌握以後一定是做什麼。你不知道生活會牽著你去哪。」如今，我主要的工作是在做汽車零件、農業機械的進出口貿易，但只要漢霖說唱公演，我就會到現場表演相聲。,而在新聞系學生劉郁葶於「換日線」撰寫的內容中，她採訪到了伊馮，透露了伊馮如今主要在做汽車零件、農業機械的進出口貿易，不僅如此，他也是漢霖說唱團的相聲演員，更是全台首位非洲裔的相聲演員。,原文第8段
83,原文,第8段,TVBS1,第3段,0.1171875,低相似性,「人生沒有辦法知道未來是怎麼樣，你很難去掌握以後一定是做什麼。你不知道生活會牽著你去哪。」如今，我主要的工作是在做汽車零件、農業機械的進出口貿易，但只要漢霖說唱公演，我就會到現場表演相聲。,據網媒換日線報導，現年52歲的伊馮表示，當初會來到亞洲主因是國家政策，先赴中國北京擔任語言交換生再到杭州念大學，但當地排外情況嚴重，在朋友建議下來到台灣，沒想到卻深深被這塊土地的人民熱情吸引駐留，「我試過離開台灣，到頭來還是捨不得，台灣已留在我的心上了」！,原文第8段
84,原文,第8段,網路溫度計,第6段,0.265625,高相似性,「人生沒有辦法知道未來是怎麼樣，你很難去掌握以後一定是做什麼。你不知道生活會牽著你去哪。」如今，我主要的工作是在做汽車零件、農業機械的進出口貿易，但只要漢霖說唱公演，我就會到現場表演相聲。,而伊馮在台定居後主要是做汽車零件、農業機械的進出口貿易，但他的副業則是天差地遠的「相聲演員」。,原文第8段
85,原文,第8段,Fun一下,第6段,0.2265625,高相似性,「人生沒有辦法知道未來是怎麼樣，你很難去掌握以後一定是做什麼。你不知道生活會牽著你去哪。」如今，我主要的工作是在做汽車零件、農業機械的進出口貿易，但只要漢霖說唱公演，我就會到現場表演相聲。,沒想到警察接近後親切告知「這裡等不到公車的」，主動載伊馮到可以等車的地方，他說當下的心情滿是愧疚。現在的他主要工作是汽車零件、農業機械的進出口貿易，副業則是很特別的「相聲演員」，這樣的緣分是有次在教英文時被漢霖說唱團團長王振全聽到，猛烈邀請後成了台灣第一位非洲裔的相聲演員。,原文第8段
86,原文,第8段,三立1,第4段,0.1171875,低相似性,「人生沒有辦法知道未來是怎麼樣，你很難去掌握以後一定是做什麼。你不知道生活會牽著你去哪。」如今，我主要的工作是在做汽車零件、農業機械的進出口貿易，但只要漢霖說唱公演，我就會到現場表演相聲。,伊馮30年前離開家鄉到中國大陸學習中文，但因當年大陸社會封閉，加上一些因素，他轉而來到台灣，原本沒想要多留的他被台灣人的熱情與親切吸引，一待就是30年，更在台灣結婚並育有一對寶貝兒女，對於爸爸曾因廣告走紅，伊馮透露女兒比較害羞，不是很喜歡提到這件事，但兒子就比較大方。擁有台灣永久居留權的他事業小有所成，目前把兒子送到美國讀書，而他也坦言剛果籍到許多國家都很麻煩，想要放棄原本國籍、獲得中華民國國籍。,原文第8段
87,原文,第8段,達人秀,第4段,0.1015625,低相似性,「人生沒有辦法知道未來是怎麼樣，你很難去掌握以後一定是做什麼。你不知道生活會牽著你去哪。」如今，我主要的工作是在做汽車零件、農業機械的進出口貿易，但只要漢霖說唱公演，我就會到現場表演相聲。,然而伊馮過去是先後在大陸的北京、杭州念書，然而他卻直言適應困難，並指出「那時的大陸比起現在封閉許多，很排外而且人與人之間距離感深」，是台灣的人情味讓他卸下心防。據悉，伊馮起初到台灣身無分文，因為他一心想離開，然而來到這裡卻讓他改觀，他舉例警察的熱心、高中生替他找工作等等，這才讓伊馮開始願意接受這裡的文化，甚至首度嘗試中式料理。,原文第8段
88,原文,第9段,三立2,第3段,0.1484375,低相似性,「台灣已經留在我的心上了」，我曾經離開台灣多次，但後來又跑回來，才發現我離不開台灣。曾經有位美國朋友，他從美國來台灣學相聲，進出台灣多趟，之後到新加坡工作。在他眼中，台灣建築物密集、交通秩序混亂，像是「養豬的地方」，因此每次看到我就說：「伊馮你怎麼還在這？世界這麼大，你為什麼一定要待在台灣？」我都笑而不答，我試過離開台灣，到頭來還是捨不得。,今年52歲的伊馮，平常因為工作關係，台北桃園兩地跑，相當享受現在的生活，雖然住台灣已經三十多年，但目前僅以永久居留權定居，他也自曝：「有一陣子在想，想放棄剛果國籍，因為原本國籍到哪邊都有點不方便，像是去大陸、香港都很麻煩。」訪談間他也笑說，想領台灣身分證，他覺得台灣是一個很自由的國家，他很喜歡去哪都很方便，還有投票權，而被記者問到本身有關心台灣政治？伊馮大笑：「以前我對政治很熱衷，當年我是扁迷，因為我覺得阿扁從一個辛苦小孩，一路爬到台北市長、總統，這個過程讓人覺得很厲害，但他被關以後，就不喜歡了，現在也對政治沒有這麼熱衷。」,原文第9段
89,原文,第9段,今日,第5段,0.1953125,低相似性,「台灣已經留在我的心上了」，我曾經離開台灣多次，但後來又跑回來，才發現我離不開台灣。曾經有位美國朋友，他從美國來台灣學相聲，進出台灣多趟，之後到新加坡工作。在他眼中，台灣建築物密集、交通秩序混亂，像是「養豬的地方」，因此每次看到我就說：「伊馮你怎麼還在這？世界這麼大，你為什麼一定要待在台灣？」我都笑而不答，我試過離開台灣，到頭來還是捨不得。,伊馮提到，自己後來找到教英文的工作，並且被《漢霖民俗說唱藝術團》的團長王振全相中，認為他雖然是非洲人，中文卻帶「北京腔」，實在太有趣，因此邀請他加入劇團，沒想到，他就這樣成為台灣第一位非裔相聲演員。伊馮最後也提到，自己曾有美國的朋友因為不習慣台灣混亂的市容，形容是「養豬的地方」，質疑他為何選擇待在台灣，但伊馮卻不這麼認為；他直言，正是看到了台灣的美才讓他選擇留下來。,原文第9段
90,原文,第9段,lovenews,第3段,0.15625,低相似性,「台灣已經留在我的心上了」，我曾經離開台灣多次，但後來又跑回來，才發現我離不開台灣。曾經有位美國朋友，他從美國來台灣學相聲，進出台灣多趟，之後到新加坡工作。在他眼中，台灣建築物密集、交通秩序混亂，像是「養豬的地方」，因此每次看到我就說：「伊馮你怎麼還在這？世界這麼大，你為什麼一定要待在台灣？」我都笑而不答，我試過離開台灣，到頭來還是捨不得。,伊馮曾在3月28日上《綜藝大熱門》，特別穿上當時拍攝的服裝外，還和陳漢典重現「維大力ㄎ？義大利？維大力～Is it good to drink？哩公蝦（台語，你說什麼）？」吳宗憲在節目中還透露，和伊馮對手演員蔡振南當時不只有演，還是這部廣告的導演！,原文第9段
91,原文,第9段,lookernews,第3段,0.2109375,高相似性,「台灣已經留在我的心上了」，我曾經離開台灣多次，但後來又跑回來，才發現我離不開台灣。曾經有位美國朋友，他從美國來台灣學相聲，進出台灣多趟，之後到新加坡工作。在他眼中，台灣建築物密集、交通秩序混亂，像是「養豬的地方」，因此每次看到我就說：「伊馮你怎麼還在這？世界這麼大，你為什麼一定要待在台灣？」我都笑而不答，我試過離開台灣，到頭來還是捨不得。,據《換日線》報導，伊馮其實一開始，是要到中國當交換學生學習中文，沒想到過去之後，卻發現當時的社會風氣很封閉，尤其非常排外，因此過得不是很好，後來被推薦來台灣，也只抱著「沾個醬油」的態度，預計待一下就想離開了，沒想到當時卻遇到讓他永生難忘的事情，變決定留在這個熱情的國度。,原文第9段
92,原文,第9段,CTWANT,第3段,0.15625,低相似性,「台灣已經留在我的心上了」，我曾經離開台灣多次，但後來又跑回來，才發現我離不開台灣。曾經有位美國朋友，他從美國來台灣學相聲，進出台灣多趟，之後到新加坡工作。在他眼中，台灣建築物密集、交通秩序混亂，像是「養豬的地方」，因此每次看到我就說：「伊馮你怎麼還在這？世界這麼大，你為什麼一定要待在台灣？」我都笑而不答，我試過離開台灣，到頭來還是捨不得。,根據《換日線》報導，這位非洲演員伊馮在30多年前從家鄉剛果到大陸當交換學生，但當時的大陸社會風氣較封閉且非常排外，因此他聽從朋友的建議改到台灣來看看，他因此被這裡的人情味感動，即使離開了，也因為不捨又跑回來。,原文第9段
93,原文,第9段,udn,第3段,0.0703125,低相似性,「台灣已經留在我的心上了」，我曾經離開台灣多次，但後來又跑回來，才發現我離不開台灣。曾經有位美國朋友，他從美國來台灣學相聲，進出台灣多趟，之後到新加坡工作。在他眼中，台灣建築物密集、交通秩序混亂，像是「養豬的地方」，因此每次看到我就說：「伊馮你怎麼還在這？世界這麼大，你為什麼一定要待在台灣？」我都笑而不答，我試過離開台灣，到頭來還是捨不得。,而在新聞系學生劉郁葶於「換日線」撰寫的內容中，她採訪到了伊馮，透露了伊馮如今主要在做汽車零件、農業機械的進出口貿易，不僅如此，他也是漢霖說唱團的相聲演員，更是全台首位非洲裔的相聲演員。,原文第9段
94,原文,第9段,TVBS1,第3段,0.1640625,低相似性,「台灣已經留在我的心上了」，我曾經離開台灣多次，但後來又跑回來，才發現我離不開台灣。曾經有位美國朋友，他從美國來台灣學相聲，進出台灣多趟，之後到新加坡工作。在他眼中，台灣建築物密集、交通秩序混亂，像是「養豬的地方」，因此每次看到我就說：「伊馮你怎麼還在這？世界這麼大，你為什麼一定要待在台灣？」我都笑而不答，我試過離開台灣，到頭來還是捨不得。,據網媒換日線報導，現年52歲的伊馮表示，當初會來到亞洲主因是國家政策，先赴中國北京擔任語言交換生再到杭州念大學，但當地排外情況嚴重，在朋友建議下來到台灣，沒想到卻深深被這塊土地的人民熱情吸引駐留，「我試過離開台灣，到頭來還是捨不得，台灣已留在我的心上了」！,原文第9段
95,原文,第9段,網路溫度計,第4段,0.140625,低相似性,「台灣已經留在我的心上了」，我曾經離開台灣多次，但後來又跑回來，才發現我離不開台灣。曾經有位美國朋友，他從美國來台灣學相聲，進出台灣多趟，之後到新加坡工作。在他眼中，台灣建築物密集、交通秩序混亂，像是「養豬的地方」，因此每次看到我就說：「伊馮你怎麼還在這？世界這麼大，你為什麼一定要待在台灣？」我都笑而不答，我試過離開台灣，到頭來還是捨不得。,根據《換日線》的報導，其實伊馮來台已經30年了，他當初會來華人地區主要是因國家政策，但原本預計在中國發展的他，因當時的中國社會風氣封閉，排外情況讓伊馮受挫，因此在朋友的推薦之下前往台灣——原本只打算待一陣子的他，一下子就被台灣人的熱情和親切吸引。,原文第9段
96,原文,第9段,Fun一下,第3段,0.15625,低相似性,「台灣已經留在我的心上了」，我曾經離開台灣多次，但後來又跑回來，才發現我離不開台灣。曾經有位美國朋友，他從美國來台灣學相聲，進出台灣多趟，之後到新加坡工作。在他眼中，台灣建築物密集、交通秩序混亂，像是「養豬的地方」，因此每次看到我就說：「伊馮你怎麼還在這？世界這麼大，你為什麼一定要待在台灣？」我都笑而不答，我試過離開台灣，到頭來還是捨不得。,伊馮曾在3月28日上《綜藝大熱門》，特別穿上當時拍攝的服裝外，還和陳漢典重現「維大力ㄎ？義大利？維大力～Is it good to drink？哩公蝦（台語，你說什麼）？」吳宗憲在節目中還透露，和伊馮對手演員蔡振南當時不只有演，還是這部廣告的導演！,原文第9段
97,原文,第9段,三立1,第3段,0.1796875,低相似性,「台灣已經留在我的心上了」，我曾經離開台灣多次，但後來又跑回來，才發現我離不開台灣。曾經有位美國朋友，他從美國來台灣學相聲，進出台灣多趟，之後到新加坡工作。在他眼中，台灣建築物密集、交通秩序混亂，像是「養豬的地方」，因此每次看到我就說：「伊馮你怎麼還在這？世界這麼大，你為什麼一定要待在台灣？」我都笑而不答，我試過離開台灣，到頭來還是捨不得。,《三立新聞網》獨家訪問到伊馮，對於一支汽水廣告播了20年紅遍全台，伊馮也相當驚訝，坦言當初來台沒想過要從事演藝圈，拍了廣告之後才簽下了經紀約，不過他自認個性不適合這個行業，更透露當年拍廣告時蔡振南曾想幫他出唱片，讓伊馮從練習他的歌開始，「但我根本不是這塊料啊！」因此之後便沒在演藝圈繼續發展，目前則主要從事剛果和台灣之間汽車零件的進出口貿易。,原文第9段
98,原文,第9段,達人秀,第5段,0.21875,高相似性,「台灣已經留在我的心上了」，我曾經離開台灣多次，但後來又跑回來，才發現我離不開台灣。曾經有位美國朋友，他從美國來台灣學相聲，進出台灣多趟，之後到新加坡工作。在他眼中，台灣建築物密集、交通秩序混亂，像是「養豬的地方」，因此每次看到我就說：「伊馮你怎麼還在這？世界這麼大，你為什麼一定要待在台灣？」我都笑而不答，我試過離開台灣，到頭來還是捨不得。,而伊馮也鼓勵台灣人，更熟悉並熱愛自己的文化。他指出，過去曾有一名美國朋友因為不習慣台灣混亂的市容更稱是「養豬的地方」，不過伊馮卻從過去只想當個過客，到現在才發現「我離不開台灣」，透過一位外國人的眼睛，他認為台灣人反倒對外國文化很熟悉，他遺憾表示「台灣人不好好發揮自身的傳統文化，真的很可惜」。,原文第9段
99,原文,第10段,三立2,第2段,0.078125,低相似性,回想起一開始來台的經歷，因為抱持著待一段時間就離開的想法，所以身上只帶著 1,還記得20年前的維大力汽水廣告中的黑人嗎？經典台詞「維大力？義大利？維大力～Is it good to drink？」到現在依舊是大家爭相模仿的對象，他就是來自非洲剛果的伊馮（本名：Yvon Pierre Loufoua），近日他的近況曝光，做著進口貿易生意的伊馮，在台灣生了一對寶貝兒女，談到台灣，他透露非常喜歡台灣這個國家，在這邊住近這三十年，他開始在想放棄原本國家國籍，而訪談間，他也意外自爆自己曾對政治很熱衷。,原文第10段
100,原文,第10段,今日,第2段,0.0625,低相似性,回想起一開始來台的經歷，因為抱持著待一段時間就離開的想法，所以身上只帶著 1,「維大力...義大利？Is it good to drink？」還記得這幾句熟悉的廣告台詞嗎？20 年前的維大力經典廣告中，資深演員蔡振南和一位外國人逗趣的對話，至今仍深深印在許多民眾的腦海。時隔多年，許多人都很好奇「廣告中那個黑人去哪了？」近來有媒體追蹤報導，原來他是來自非洲剛果的伊馮（Yvon Pierre Loufoua），而現年 52 歲的他近況也曝光了！,原文第10段
101,原文,第10段,lovenews,第4段,0.1328125,低相似性,回想起一開始來台的經歷，因為抱持著待一段時間就離開的想法，所以身上只帶著 1,新聞系學生劉郁葶在《換日線》採訪報導，伊馮當初會來到華人地帶主要是因為國家政策，一開始是到北京擔任語言交換學生再去杭州念大學，當時的大陸社會較現在封閉，排外情況相對嚴重的關係，在朋友建議和推薦之下決定來到台灣。沒想到原本只是抱持著待一下就離開的想法，卻深深被這塊土地的人民熱情和親切吸引。,原文第10段
102,原文,第10段,lookernews,第6段,0.1015625,低相似性,回想起一開始來台的經歷，因為抱持著待一段時間就離開的想法，所以身上只帶著 1,伊馮坦言，那個時候對警察都沒有好印象，所以就假裝自己不會中文，也不是很想攀談，沒想到對方卻親切說：「這裡等不到公車的！」接著就主動在他到可以等車的地方，讓他直呼台灣真的是有著滿滿的人情味，也有點愧咎，竟然假裝自己不會中文，不過也因為台灣人真的很讚，所以才一待就是30年。,原文第10段
103,原文,第10段,CTWANT,第2段,0.0703125,低相似性,回想起一開始來台的經歷，因為抱持著待一段時間就離開的想法，所以身上只帶著 1,「義大利？維大力～Its good to drink？」這是老牌經典汽水維大力紅遍大街小巷的廣告詞，其中的黑人演員是來自非洲的伊馮，21年過去了，他不但沒有離開台灣，反而還落地生根成為台灣女婿，更當上台灣第一位「非裔相聲演員」！,原文第10段
104,原文,第10段,udn,第3段,0.078125,低相似性,回想起一開始來台的經歷，因為抱持著待一段時間就離開的想法，所以身上只帶著 1,而在新聞系學生劉郁葶於「換日線」撰寫的內容中，她採訪到了伊馮，透露了伊馮如今主要在做汽車零件、農業機械的進出口貿易，不僅如此，他也是漢霖說唱團的相聲演員，更是全台首位非洲裔的相聲演員。,原文第10段
105,原文,第10段,TVBS1,第3段,0.0546875,低相似性,回想起一開始來台的經歷，因為抱持著待一段時間就離開的想法，所以身上只帶著 1,據網媒換日線報導，現年52歲的伊馮表示，當初會來到亞洲主因是國家政策，先赴中國北京擔任語言交換生再到杭州念大學，但當地排外情況嚴重，在朋友建議下來到台灣，沒想到卻深深被這塊土地的人民熱情吸引駐留，「我試過離開台灣，到頭來還是捨不得，台灣已留在我的心上了」！,原文第10段
106,原文,第10段,網路溫度計,第4段,0.109375,低相似性,回想起一開始來台的經歷，因為抱持著待一段時間就離開的想法，所以身上只帶著 1,根據《換日線》的報導，其實伊馮來台已經30年了，他當初會來華人地區主要是因國家政策，但原本預計在中國發展的他，因當時的中國社會風氣封閉，排外情況讓伊馮受挫，因此在朋友的推薦之下前往台灣——原本只打算待一陣子的他，一下子就被台灣人的熱情和親切吸引。,原文第10段
107,原文,第10段,Fun一下,第4段,0.140625,低相似性,回想起一開始來台的經歷，因為抱持著待一段時間就離開的想法，所以身上只帶著 1,據《換日線》報導，伊馮當初會來到華人地帶主要是因為國家政策，一開始是到北京擔任語言交換學生再去杭州念大學，當時的大陸社會較現在封閉，排外情況相對嚴重的關係，在朋友建議和推薦之下決定來到台灣。沒想到原本只是抱持著待一下就離開的想法，卻深深被這塊土地的人民熱情和親切吸引。,原文第10段
108,原文,第10段,三立1,第3段,0.0703125,低相似性,回想起一開始來台的經歷，因為抱持著待一段時間就離開的想法，所以身上只帶著 1,《三立新聞網》獨家訪問到伊馮，對於一支汽水廣告播了20年紅遍全台，伊馮也相當驚訝，坦言當初來台沒想過要從事演藝圈，拍了廣告之後才簽下了經紀約，不過他自認個性不適合這個行業，更透露當年拍廣告時蔡振南曾想幫他出唱片，讓伊馮從練習他的歌開始，「但我根本不是這塊料啊！」因此之後便沒在演藝圈繼續發展，目前則主要從事剛果和台灣之間汽車零件的進出口貿易。,原文第10段
109,原文,第10段,達人秀,第4段,0.078125,低相似性,回想起一開始來台的經歷，因為抱持著待一段時間就離開的想法，所以身上只帶著 1,然而伊馮過去是先後在大陸的北京、杭州念書，然而他卻直言適應困難，並指出「那時的大陸比起現在封閉許多，很排外而且人與人之間距離感深」，是台灣的人情味讓他卸下心防。據悉，伊馮起初到台灣身無分文，因為他一心想離開，然而來到這裡卻讓他改觀，他舉例警察的熱心、高中生替他找工作等等，這才讓伊馮開始願意接受這裡的文化，甚至首度嘗試中式料理。,原文第10段
110,原文,第11段,三立2,第3段,0.1171875,低相似性,另外，有一次我搭錯火車，那時已經晚上 10 點，下車後都沒有公車經過。不遠處看到警察走來，我心裡很惶恐，之前在別國遇到的警察態度都不太友善，他們會查證件、問東問西，於是我暗自決定假裝不會中文。,今年52歲的伊馮，平常因為工作關係，台北桃園兩地跑，相當享受現在的生活，雖然住台灣已經三十多年，但目前僅以永久居留權定居，他也自曝：「有一陣子在想，想放棄剛果國籍，因為原本國籍到哪邊都有點不方便，像是去大陸、香港都很麻煩。」訪談間他也笑說，想領台灣身分證，他覺得台灣是一個很自由的國家，他很喜歡去哪都很方便，還有投票權，而被記者問到本身有關心台灣政治？伊馮大笑：「以前我對政治很熱衷，當年我是扁迷，因為我覺得阿扁從一個辛苦小孩，一路爬到台北市長、總統，這個過程讓人覺得很厲害，但他被關以後，就不喜歡了，現在也對政治沒有這麼熱衷。」,原文第11段
111,原文,第11段,今日,第4段,0.140625,低相似性,另外，有一次我搭錯火車，那時已經晚上 10 點，下車後都沒有公車經過。不遠處看到警察走來，我心裡很惶恐，之前在別國遇到的警察態度都不太友善，他們會查證件、問東問西，於是我暗自決定假裝不會中文。,報導指出，伊馮在 30 年前獨自離開家鄉，先到了中國大陸學習中文，然而當時的大陸社會較為封閉、排外，於是他又輾轉來到台灣。身無分文的他，其實並不打算久住，不過台灣的人情味卻讓他漸漸卸下心防，結果一待就是 20 年。伊馮回憶，自己剛來台灣的時候，曾經晚上 10 點多搭錯火車，心急之下幸好遇上了熱心的警察，主動載他到有車的地方，令他非常感嘆，因為他本來在其他國家對警察的印象都很差。,原文第11段
112,原文,第11段,lovenews,第5段,0.2265625,高相似性,另外，有一次我搭錯火車，那時已經晚上 10 點，下車後都沒有公車經過。不遠處看到警察走來，我心裡很惶恐，之前在別國遇到的警察態度都不太友善，他們會查證件、問東問西，於是我暗自決定假裝不會中文。,剛來台不久時，伊馮在餐廳吃著水餃和隔壁的高中生聊天，原本只是找話題談到工作機會，怎料對方卻認真思考不停翻找著電話，還主動說要介紹到自己舅舅家工廠工作。還有一次搭錯火車，已經晚上10點了都沒有公車經過，看見警察接近時特別害怕，因為在他國遇到的警察態度都不是很友善，因此決定假裝不會中文。,原文第11段
113,原文,第11段,lookernews,第5段,0.265625,高相似性,另外，有一次我搭錯火車，那時已經晚上 10 點，下車後都沒有公車經過。不遠處看到警察走來，我心裡很惶恐，之前在別國遇到的警察態度都不太友善，他們會查證件、問東問西，於是我暗自決定假裝不會中文。,不過最難忘的，還是有一次搭錯火車，已經到了晚上10點，都沒有公車經過，當地的警察看到了，就上前盤問。,原文第11段
114,原文,第11段,CTWANT,第4段,0.1015625,低相似性,另外，有一次我搭錯火車，那時已經晚上 10 點，下車後都沒有公車經過。不遠處看到警察走來，我心裡很惶恐，之前在別國遇到的警察態度都不太友善，他們會查證件、問東問西，於是我暗自決定假裝不會中文。,伊馮說，某次他在速食店教學生英文時，被無意經過的《漢霖民俗說唱藝術團》團長王振全相中，認為這個非洲人講中文帶著北京口音很特別，因此開啟了與相聲的淵源，讓他成為台灣第一位「非裔相聲演員」。,原文第11段
115,原文,第11段,udn,第3段,0.0625,低相似性,另外，有一次我搭錯火車，那時已經晚上 10 點，下車後都沒有公車經過。不遠處看到警察走來，我心裡很惶恐，之前在別國遇到的警察態度都不太友善，他們會查證件、問東問西，於是我暗自決定假裝不會中文。,而在新聞系學生劉郁葶於「換日線」撰寫的內容中，她採訪到了伊馮，透露了伊馮如今主要在做汽車零件、農業機械的進出口貿易，不僅如此，他也是漢霖說唱團的相聲演員，更是全台首位非洲裔的相聲演員。,原文第11段
116,原文,第11段,TVBS1,第3段,0.078125,低相似性,另外，有一次我搭錯火車，那時已經晚上 10 點，下車後都沒有公車經過。不遠處看到警察走來，我心裡很惶恐，之前在別國遇到的警察態度都不太友善，他們會查證件、問東問西，於是我暗自決定假裝不會中文。,據網媒換日線報導，現年52歲的伊馮表示，當初會來到亞洲主因是國家政策，先赴中國北京擔任語言交換生再到杭州念大學，但當地排外情況嚴重，在朋友建議下來到台灣，沒想到卻深深被這塊土地的人民熱情吸引駐留，「我試過離開台灣，到頭來還是捨不得，台灣已留在我的心上了」！,原文第11段
117,原文,第11段,網路溫度計,第7段,0.0859375,低相似性,另外，有一次我搭錯火車，那時已經晚上 10 點，下車後都沒有公車經過。不遠處看到警察走來，我心裡很惶恐，之前在別國遇到的警察態度都不太友善，他們會查證件、問東問西，於是我暗自決定假裝不會中文。,會有這樣的緣分是有次伊馮在教英文時，被漢霖說唱團的團長王振全相中，在王團長的熱情邀請下，伊馮就成了「台灣第一位非裔相聲演員」了！,原文第11段
118,原文,第11段,Fun一下,第5段,0.2265625,高相似性,另外，有一次我搭錯火車，那時已經晚上 10 點，下車後都沒有公車經過。不遠處看到警察走來，我心裡很惶恐，之前在別國遇到的警察態度都不太友善，他們會查證件、問東問西，於是我暗自決定假裝不會中文。,剛來台不久時，伊馮在餐廳吃著水餃和隔壁的高中生聊天，原本只是找話題談到工作機會，怎料對方卻認真思考不停翻找著電話，還主動說要介紹到自己舅舅家工廠工作。還有一次搭錯火車，已經晚上10點了都沒有公車經過，看見警察接近時特別害怕，因為在他國遇到的警察態度都不是很友善，因此決定假裝不會中文。,原文第11段
119,原文,第11段,三立1,第4段,0.09375,低相似性,另外，有一次我搭錯火車，那時已經晚上 10 點，下車後都沒有公車經過。不遠處看到警察走來，我心裡很惶恐，之前在別國遇到的警察態度都不太友善，他們會查證件、問東問西，於是我暗自決定假裝不會中文。,伊馮30年前離開家鄉到中國大陸學習中文，但因當年大陸社會封閉，加上一些因素，他轉而來到台灣，原本沒想要多留的他被台灣人的熱情與親切吸引，一待就是30年，更在台灣結婚並育有一對寶貝兒女，對於爸爸曾因廣告走紅，伊馮透露女兒比較害羞，不是很喜歡提到這件事，但兒子就比較大方。擁有台灣永久居留權的他事業小有所成，目前把兒子送到美國讀書，而他也坦言剛果籍到許多國家都很麻煩，想要放棄原本國籍、獲得中華民國國籍。,原文第11段
120,原文,第11段,達人秀,第4段,0.0859375,低相似性,另外，有一次我搭錯火車，那時已經晚上 10 點，下車後都沒有公車經過。不遠處看到警察走來，我心裡很惶恐，之前在別國遇到的警察態度都不太友善，他們會查證件、問東問西，於是我暗自決定假裝不會中文。,然而伊馮過去是先後在大陸的北京、杭州念書，然而他卻直言適應困難，並指出「那時的大陸比起現在封閉許多，很排外而且人與人之間距離感深」，是台灣的人情味讓他卸下心防。據悉，伊馮起初到台灣身無分文，因為他一心想離開，然而來到這裡卻讓他改觀，他舉例警察的熱心、高中生替他找工作等等，這才讓伊馮開始願意接受這裡的文化，甚至首度嘗試中式料理。,原文第11段
121,原文,第12段,三立2,第3段,0.1640625,低相似性,他們很有禮貌地告訴我這邊等不到公車，甚至載我到其他的地方等車，當下我心裡感到很愧疚，因為我一開始就用防衛的心態，沒想到他們待我如此好。這些都是台灣給我的好印象，我遇到的台灣人好像都想保護我，讓我感覺到「這裡就是你的家」。我每天都在經歷不同的感動，「台灣已經留在我的心上了」。,今年52歲的伊馮，平常因為工作關係，台北桃園兩地跑，相當享受現在的生活，雖然住台灣已經三十多年，但目前僅以永久居留權定居，他也自曝：「有一陣子在想，想放棄剛果國籍，因為原本國籍到哪邊都有點不方便，像是去大陸、香港都很麻煩。」訪談間他也笑說，想領台灣身分證，他覺得台灣是一個很自由的國家，他很喜歡去哪都很方便，還有投票權，而被記者問到本身有關心台灣政治？伊馮大笑：「以前我對政治很熱衷，當年我是扁迷，因為我覺得阿扁從一個辛苦小孩，一路爬到台北市長、總統，這個過程讓人覺得很厲害，但他被關以後，就不喜歡了，現在也對政治沒有這麼熱衷。」,原文第12段
122,原文,第12段,今日,第4段,0.1875,低相似性,他們很有禮貌地告訴我這邊等不到公車，甚至載我到其他的地方等車，當下我心裡感到很愧疚，因為我一開始就用防衛的心態，沒想到他們待我如此好。這些都是台灣給我的好印象，我遇到的台灣人好像都想保護我，讓我感覺到「這裡就是你的家」。我每天都在經歷不同的感動，「台灣已經留在我的心上了」。,報導指出，伊馮在 30 年前獨自離開家鄉，先到了中國大陸學習中文，然而當時的大陸社會較為封閉、排外，於是他又輾轉來到台灣。身無分文的他，其實並不打算久住，不過台灣的人情味卻讓他漸漸卸下心防，結果一待就是 20 年。伊馮回憶，自己剛來台灣的時候，曾經晚上 10 點多搭錯火車，心急之下幸好遇上了熱心的警察，主動載他到有車的地方，令他非常感嘆，因為他本來在其他國家對警察的印象都很差。,原文第12段
123,原文,第12段,lovenews,第6段,0.2421875,高相似性,他們很有禮貌地告訴我這邊等不到公車，甚至載我到其他的地方等車，當下我心裡感到很愧疚，因為我一開始就用防衛的心態，沒想到他們待我如此好。這些都是台灣給我的好印象，我遇到的台灣人好像都想保護我，讓我感覺到「這裡就是你的家」。我每天都在經歷不同的感動，「台灣已經留在我的心上了」。,沒想到警察接近後親切告知「這裡等不到公車的」，主動載伊馮到可以等車的地方，他說當下的心情滿是愧疚。現在的他主要工作是汽車零件、農業機械的進出口貿易，副業則是很特別的「相聲演員」，這樣的緣分是有次在教英文時被漢霖說唱團團長王振全聽到，猛烈邀請後成了台灣第一位非洲裔的相聲演員。,原文第12段
124,原文,第12段,lookernews,第6段,0.3359375,高相似性,他們很有禮貌地告訴我這邊等不到公車，甚至載我到其他的地方等車，當下我心裡感到很愧疚，因為我一開始就用防衛的心態，沒想到他們待我如此好。這些都是台灣給我的好印象，我遇到的台灣人好像都想保護我，讓我感覺到「這裡就是你的家」。我每天都在經歷不同的感動，「台灣已經留在我的心上了」。,伊馮坦言，那個時候對警察都沒有好印象，所以就假裝自己不會中文，也不是很想攀談，沒想到對方卻親切說：「這裡等不到公車的！」接著就主動在他到可以等車的地方，讓他直呼台灣真的是有著滿滿的人情味，也有點愧咎，竟然假裝自己不會中文，不過也因為台灣人真的很讚，所以才一待就是30年。,原文第12段
125,原文,第12段,CTWANT,第4段,0.1171875,低相似性,他們很有禮貌地告訴我這邊等不到公車，甚至載我到其他的地方等車，當下我心裡感到很愧疚，因為我一開始就用防衛的心態，沒想到他們待我如此好。這些都是台灣給我的好印象，我遇到的台灣人好像都想保護我，讓我感覺到「這裡就是你的家」。我每天都在經歷不同的感動，「台灣已經留在我的心上了」。,伊馮說，某次他在速食店教學生英文時，被無意經過的《漢霖民俗說唱藝術團》團長王振全相中，認為這個非洲人講中文帶著北京口音很特別，因此開啟了與相聲的淵源，讓他成為台灣第一位「非裔相聲演員」。,原文第12段
126,原文,第12段,udn,第3段,0.0859375,低相似性,他們很有禮貌地告訴我這邊等不到公車，甚至載我到其他的地方等車，當下我心裡感到很愧疚，因為我一開始就用防衛的心態，沒想到他們待我如此好。這些都是台灣給我的好印象，我遇到的台灣人好像都想保護我，讓我感覺到「這裡就是你的家」。我每天都在經歷不同的感動，「台灣已經留在我的心上了」。,而在新聞系學生劉郁葶於「換日線」撰寫的內容中，她採訪到了伊馮，透露了伊馮如今主要在做汽車零件、農業機械的進出口貿易，不僅如此，他也是漢霖說唱團的相聲演員，更是全台首位非洲裔的相聲演員。,原文第12段
127,原文,第12段,TVBS1,第3段,0.1875,低相似性,他們很有禮貌地告訴我這邊等不到公車，甚至載我到其他的地方等車，當下我心裡感到很愧疚，因為我一開始就用防衛的心態，沒想到他們待我如此好。這些都是台灣給我的好印象，我遇到的台灣人好像都想保護我，讓我感覺到「這裡就是你的家」。我每天都在經歷不同的感動，「台灣已經留在我的心上了」。,據網媒換日線報導，現年52歲的伊馮表示，當初會來到亞洲主因是國家政策，先赴中國北京擔任語言交換生再到杭州念大學，但當地排外情況嚴重，在朋友建議下來到台灣，沒想到卻深深被這塊土地的人民熱情吸引駐留，「我試過離開台灣，到頭來還是捨不得，台灣已留在我的心上了」！,原文第12段
128,原文,第12段,網路溫度計,第5段,0.2109375,高相似性,他們很有禮貌地告訴我這邊等不到公車，甚至載我到其他的地方等車，當下我心裡感到很愧疚，因為我一開始就用防衛的心態，沒想到他們待我如此好。這些都是台灣給我的好印象，我遇到的台灣人好像都想保護我，讓我感覺到「這裡就是你的家」。我每天都在經歷不同的感動，「台灣已經留在我的心上了」。,報導中也舉例，剛來台不久的伊馮吃飯時跟隔壁的高中生聊天，原本只是找話題隨意聊到工作機會，但對方卻認真的找電話、主動介紹他到自己舅舅家的工廠上班；或是晚上10點等不到公車的他被警方問話，原本還擔心被誤會，警察卻親切告知「這裡等不到公車」，還載自己到可以等車的地方——種種經歷都讓他感到窩心。,原文第12段
129,原文,第12段,Fun一下,第6段,0.2421875,高相似性,他們很有禮貌地告訴我這邊等不到公車，甚至載我到其他的地方等車，當下我心裡感到很愧疚，因為我一開始就用防衛的心態，沒想到他們待我如此好。這些都是台灣給我的好印象，我遇到的台灣人好像都想保護我，讓我感覺到「這裡就是你的家」。我每天都在經歷不同的感動，「台灣已經留在我的心上了」。,沒想到警察接近後親切告知「這裡等不到公車的」，主動載伊馮到可以等車的地方，他說當下的心情滿是愧疚。現在的他主要工作是汽車零件、農業機械的進出口貿易，副業則是很特別的「相聲演員」，這樣的緣分是有次在教英文時被漢霖說唱團團長王振全聽到，猛烈邀請後成了台灣第一位非洲裔的相聲演員。,原文第12段
130,原文,第12段,三立1,第4段,0.1328125,低相似性,他們很有禮貌地告訴我這邊等不到公車，甚至載我到其他的地方等車，當下我心裡感到很愧疚，因為我一開始就用防衛的心態，沒想到他們待我如此好。這些都是台灣給我的好印象，我遇到的台灣人好像都想保護我，讓我感覺到「這裡就是你的家」。我每天都在經歷不同的感動，「台灣已經留在我的心上了」。,伊馮30年前離開家鄉到中國大陸學習中文，但因當年大陸社會封閉，加上一些因素，他轉而來到台灣，原本沒想要多留的他被台灣人的熱情與親切吸引，一待就是30年，更在台灣結婚並育有一對寶貝兒女，對於爸爸曾因廣告走紅，伊馮透露女兒比較害羞，不是很喜歡提到這件事，但兒子就比較大方。擁有台灣永久居留權的他事業小有所成，目前把兒子送到美國讀書，而他也坦言剛果籍到許多國家都很麻煩，想要放棄原本國籍、獲得中華民國國籍。,原文第12段
131,原文,第12段,達人秀,第4段,0.1328125,低相似性,他們很有禮貌地告訴我這邊等不到公車，甚至載我到其他的地方等車，當下我心裡感到很愧疚，因為我一開始就用防衛的心態，沒想到他們待我如此好。這些都是台灣給我的好印象，我遇到的台灣人好像都想保護我，讓我感覺到「這裡就是你的家」。我每天都在經歷不同的感動，「台灣已經留在我的心上了」。,然而伊馮過去是先後在大陸的北京、杭州念書，然而他卻直言適應困難，並指出「那時的大陸比起現在封閉許多，很排外而且人與人之間距離感深」，是台灣的人情味讓他卸下心防。據悉，伊馮起初到台灣身無分文，因為他一心想離開，然而來到這裡卻讓他改觀，他舉例警察的熱心、高中生替他找工作等等，這才讓伊馮開始願意接受這裡的文化，甚至首度嘗試中式料理。,原文第12段
132,原文,第13段,三立2,第3段,0.1640625,低相似性,然而，在台灣的 30 多年，我也發現台灣人很崇拜西方文化、跟隨西方潮流，學習他們看電影、吃飯、生活樣態等等，「喜歡照著別人的鏡子看自己」。我會覺得有點可惜，台灣不好好地發揮傳統文化留下來的價值，而是學別人的文化套在自己身上，往往對本土文化陌生，但對外國文化很熟悉。,今年52歲的伊馮，平常因為工作關係，台北桃園兩地跑，相當享受現在的生活，雖然住台灣已經三十多年，但目前僅以永久居留權定居，他也自曝：「有一陣子在想，想放棄剛果國籍，因為原本國籍到哪邊都有點不方便，像是去大陸、香港都很麻煩。」訪談間他也笑說，想領台灣身分證，他覺得台灣是一個很自由的國家，他很喜歡去哪都很方便，還有投票權，而被記者問到本身有關心台灣政治？伊馮大笑：「以前我對政治很熱衷，當年我是扁迷，因為我覺得阿扁從一個辛苦小孩，一路爬到台北市長、總統，這個過程讓人覺得很厲害，但他被關以後，就不喜歡了，現在也對政治沒有這麼熱衷。」,原文第13段
133,原文,第13段,今日,第4段,0.1015625,低相似性,然而，在台灣的 30 多年，我也發現台灣人很崇拜西方文化、跟隨西方潮流，學習他們看電影、吃飯、生活樣態等等，「喜歡照著別人的鏡子看自己」。我會覺得有點可惜，台灣不好好地發揮傳統文化留下來的價值，而是學別人的文化套在自己身上，往往對本土文化陌生，但對外國文化很熟悉。,報導指出，伊馮在 30 年前獨自離開家鄉，先到了中國大陸學習中文，然而當時的大陸社會較為封閉、排外，於是他又輾轉來到台灣。身無分文的他，其實並不打算久住，不過台灣的人情味卻讓他漸漸卸下心防，結果一待就是 20 年。伊馮回憶，自己剛來台灣的時候，曾經晚上 10 點多搭錯火車，心急之下幸好遇上了熱心的警察，主動載他到有車的地方，令他非常感嘆，因為他本來在其他國家對警察的印象都很差。,原文第13段
134,原文,第13段,lovenews,第2段,0.1015625,低相似性,然而，在台灣的 30 多年，我也發現台灣人很崇拜西方文化、跟隨西方潮流，學習他們看電影、吃飯、生活樣態等等，「喜歡照著別人的鏡子看自己」。我會覺得有點可惜，台灣不好好地發揮傳統文化留下來的價值，而是學別人的文化套在自己身上，往往對本土文化陌生，但對外國文化很熟悉。,1998年開播紅遍全台、大家爭相模仿成為口頭禪的維大力汽水廣告，這部廣告最大的看點就是其中的外籍演員，而他就是來自非洲剛果的伊馮（本名：Yvon Pierre Loufoua），來台30年的他近況曝光，不只做著進口貿易生意，還在台灣創下第一人紀錄！,原文第13段
135,原文,第13段,lookernews,第3段,0.109375,低相似性,然而，在台灣的 30 多年，我也發現台灣人很崇拜西方文化、跟隨西方潮流，學習他們看電影、吃飯、生活樣態等等，「喜歡照著別人的鏡子看自己」。我會覺得有點可惜，台灣不好好地發揮傳統文化留下來的價值，而是學別人的文化套在自己身上，往往對本土文化陌生，但對外國文化很熟悉。,據《換日線》報導，伊馮其實一開始，是要到中國當交換學生學習中文，沒想到過去之後，卻發現當時的社會風氣很封閉，尤其非常排外，因此過得不是很好，後來被推薦來台灣，也只抱著「沾個醬油」的態度，預計待一下就想離開了，沒想到當時卻遇到讓他永生難忘的事情，變決定留在這個熱情的國度。,原文第13段
136,原文,第13段,CTWANT,第3段,0.0859375,低相似性,然而，在台灣的 30 多年，我也發現台灣人很崇拜西方文化、跟隨西方潮流，學習他們看電影、吃飯、生活樣態等等，「喜歡照著別人的鏡子看自己」。我會覺得有點可惜，台灣不好好地發揮傳統文化留下來的價值，而是學別人的文化套在自己身上，往往對本土文化陌生，但對外國文化很熟悉。,根據《換日線》報導，這位非洲演員伊馮在30多年前從家鄉剛果到大陸當交換學生，但當時的大陸社會風氣較封閉且非常排外，因此他聽從朋友的建議改到台灣來看看，他因此被這裡的人情味感動，即使離開了，也因為不捨又跑回來。,原文第13段
137,原文,第13段,udn,第3段,0.0859375,低相似性,然而，在台灣的 30 多年，我也發現台灣人很崇拜西方文化、跟隨西方潮流，學習他們看電影、吃飯、生活樣態等等，「喜歡照著別人的鏡子看自己」。我會覺得有點可惜，台灣不好好地發揮傳統文化留下來的價值，而是學別人的文化套在自己身上，往往對本土文化陌生，但對外國文化很熟悉。,而在新聞系學生劉郁葶於「換日線」撰寫的內容中，她採訪到了伊馮，透露了伊馮如今主要在做汽車零件、農業機械的進出口貿易，不僅如此，他也是漢霖說唱團的相聲演員，更是全台首位非洲裔的相聲演員。,原文第13段
138,原文,第13段,TVBS1,第3段,0.0859375,低相似性,然而，在台灣的 30 多年，我也發現台灣人很崇拜西方文化、跟隨西方潮流，學習他們看電影、吃飯、生活樣態等等，「喜歡照著別人的鏡子看自己」。我會覺得有點可惜，台灣不好好地發揮傳統文化留下來的價值，而是學別人的文化套在自己身上，往往對本土文化陌生，但對外國文化很熟悉。,據網媒換日線報導，現年52歲的伊馮表示，當初會來到亞洲主因是國家政策，先赴中國北京擔任語言交換生再到杭州念大學，但當地排外情況嚴重，在朋友建議下來到台灣，沒想到卻深深被這塊土地的人民熱情吸引駐留，「我試過離開台灣，到頭來還是捨不得，台灣已留在我的心上了」！,原文第13段
139,原文,第13段,網路溫度計,第5段,0.1015625,低相似性,然而，在台灣的 30 多年，我也發現台灣人很崇拜西方文化、跟隨西方潮流，學習他們看電影、吃飯、生活樣態等等，「喜歡照著別人的鏡子看自己」。我會覺得有點可惜，台灣不好好地發揮傳統文化留下來的價值，而是學別人的文化套在自己身上，往往對本土文化陌生，但對外國文化很熟悉。,報導中也舉例，剛來台不久的伊馮吃飯時跟隔壁的高中生聊天，原本只是找話題隨意聊到工作機會，但對方卻認真的找電話、主動介紹他到自己舅舅家的工廠上班；或是晚上10點等不到公車的他被警方問話，原本還擔心被誤會，警察卻親切告知「這裡等不到公車」，還載自己到可以等車的地方——種種經歷都讓他感到窩心。,原文第13段
140,原文,第13段,Fun一下,第2段,0.1015625,低相似性,然而，在台灣的 30 多年，我也發現台灣人很崇拜西方文化、跟隨西方潮流，學習他們看電影、吃飯、生活樣態等等，「喜歡照著別人的鏡子看自己」。我會覺得有點可惜，台灣不好好地發揮傳統文化留下來的價值，而是學別人的文化套在自己身上，往往對本土文化陌生，但對外國文化很熟悉。,1998年開播紅遍全台、大家爭相模仿成為口頭禪的維大力汽水廣告，這部廣告最大的看點就是其中的外籍演員，而他就是來自非洲剛果的伊馮（本名：Yvon Pierre Loufoua），來台30年的他近況曝光，不只做著進口貿易生意，還在台灣創下第一人紀錄！,原文第13段
141,原文,第13段,三立1,第4段,0.1328125,低相似性,然而，在台灣的 30 多年，我也發現台灣人很崇拜西方文化、跟隨西方潮流，學習他們看電影、吃飯、生活樣態等等，「喜歡照著別人的鏡子看自己」。我會覺得有點可惜，台灣不好好地發揮傳統文化留下來的價值，而是學別人的文化套在自己身上，往往對本土文化陌生，但對外國文化很熟悉。,伊馮30年前離開家鄉到中國大陸學習中文，但因當年大陸社會封閉，加上一些因素，他轉而來到台灣，原本沒想要多留的他被台灣人的熱情與親切吸引，一待就是30年，更在台灣結婚並育有一對寶貝兒女，對於爸爸曾因廣告走紅，伊馮透露女兒比較害羞，不是很喜歡提到這件事，但兒子就比較大方。擁有台灣永久居留權的他事業小有所成，目前把兒子送到美國讀書，而他也坦言剛果籍到許多國家都很麻煩，想要放棄原本國籍、獲得中華民國國籍。,原文第13段
142,原文,第13段,達人秀,第5段,0.171875,低相似性,然而，在台灣的 30 多年，我也發現台灣人很崇拜西方文化、跟隨西方潮流，學習他們看電影、吃飯、生活樣態等等，「喜歡照著別人的鏡子看自己」。我會覺得有點可惜，台灣不好好地發揮傳統文化留下來的價值，而是學別人的文化套在自己身上，往往對本土文化陌生，但對外國文化很熟悉。,而伊馮也鼓勵台灣人，更熟悉並熱愛自己的文化。他指出，過去曾有一名美國朋友因為不習慣台灣混亂的市容更稱是「養豬的地方」，不過伊馮卻從過去只想當個過客，到現在才發現「我離不開台灣」，透過一位外國人的眼睛，他認為台灣人反倒對外國文化很熟悉，他遺憾表示「台灣人不好好發揮自身的傳統文化，真的很可惜」。,原文第13段
143,原文,第14段,三立2,第3段,0.1484375,低相似性,婚前磨合七年，成就溫馨跨國戀，儘管台灣和非洲的家庭價值觀不盡相同，我在婚姻的過程也不太順遂，但依然選擇在台灣結婚生子，長久地待了下來。此時，一旁的伊馮太太依雯表示，因文化差異，相處過程中難免會有些摩擦，兩人婚前花了 7 年的時間磨合。「非洲男人有點大男人，但其實台灣女人也有點大女人，所以在一起不免有些衝突。」,今年52歲的伊馮，平常因為工作關係，台北桃園兩地跑，相當享受現在的生活，雖然住台灣已經三十多年，但目前僅以永久居留權定居，他也自曝：「有一陣子在想，想放棄剛果國籍，因為原本國籍到哪邊都有點不方便，像是去大陸、香港都很麻煩。」訪談間他也笑說，想領台灣身分證，他覺得台灣是一個很自由的國家，他很喜歡去哪都很方便，還有投票權，而被記者問到本身有關心台灣政治？伊馮大笑：「以前我對政治很熱衷，當年我是扁迷，因為我覺得阿扁從一個辛苦小孩，一路爬到台北市長、總統，這個過程讓人覺得很厲害，但他被關以後，就不喜歡了，現在也對政治沒有這麼熱衷。」,原文第14段
144,原文,第14段,今日,第2段,0.15625,低相似性,婚前磨合七年，成就溫馨跨國戀，儘管台灣和非洲的家庭價值觀不盡相同，我在婚姻的過程也不太順遂，但依然選擇在台灣結婚生子，長久地待了下來。此時，一旁的伊馮太太依雯表示，因文化差異，相處過程中難免會有些摩擦，兩人婚前花了 7 年的時間磨合。「非洲男人有點大男人，但其實台灣女人也有點大女人，所以在一起不免有些衝突。」,「維大力...義大利？Is it good to drink？」還記得這幾句熟悉的廣告台詞嗎？20 年前的維大力經典廣告中，資深演員蔡振南和一位外國人逗趣的對話，至今仍深深印在許多民眾的腦海。時隔多年，許多人都很好奇「廣告中那個黑人去哪了？」近來有媒體追蹤報導，原來他是來自非洲剛果的伊馮（Yvon Pierre Loufoua），而現年 52 歲的他近況也曝光了！,原文第14段
145,原文,第14段,lovenews,第2段,0.09375,低相似性,婚前磨合七年，成就溫馨跨國戀，儘管台灣和非洲的家庭價值觀不盡相同，我在婚姻的過程也不太順遂，但依然選擇在台灣結婚生子，長久地待了下來。此時，一旁的伊馮太太依雯表示，因文化差異，相處過程中難免會有些摩擦，兩人婚前花了 7 年的時間磨合。「非洲男人有點大男人，但其實台灣女人也有點大女人，所以在一起不免有些衝突。」,1998年開播紅遍全台、大家爭相模仿成為口頭禪的維大力汽水廣告，這部廣告最大的看點就是其中的外籍演員，而他就是來自非洲剛果的伊馮（本名：Yvon Pierre Loufoua），來台30年的他近況曝光，不只做著進口貿易生意，還在台灣創下第一人紀錄！,原文第14段
146,原文,第14段,lookernews,第2段,0.109375,低相似性,婚前磨合七年，成就溫馨跨國戀，儘管台灣和非洲的家庭價值觀不盡相同，我在婚姻的過程也不太順遂，但依然選擇在台灣結婚生子，長久地待了下來。此時，一旁的伊馮太太依雯表示，因文化差異，相處過程中難免會有些摩擦，兩人婚前花了 7 年的時間磨合。「非洲男人有點大男人，但其實台灣女人也有點大女人，所以在一起不免有些衝突。」,20年前的維大力廣告，很多人應該記憶深刻吧？有個黑人在電視上笑喊：「維大力？義大利？維大力～Is it good to drink？」讓很多人都笑開懷，這名來自非洲剛果的演員伊馮，也就此紅透半邊天，如今多年過去了，原來他還留在台灣，而且還娶了一個漂亮的台灣老婆；事實上，他過去就曾透露，原本是要到中國擔任語言交換學生，後來在台灣發展後，也幾度想要離開，然而峰迴路轉，他卻還是回來，直呼：「真的太愛台灣！」,原文第14段
147,原文,第14段,CTWANT,第3段,0.109375,低相似性,婚前磨合七年，成就溫馨跨國戀，儘管台灣和非洲的家庭價值觀不盡相同，我在婚姻的過程也不太順遂，但依然選擇在台灣結婚生子，長久地待了下來。此時，一旁的伊馮太太依雯表示，因文化差異，相處過程中難免會有些摩擦，兩人婚前花了 7 年的時間磨合。「非洲男人有點大男人，但其實台灣女人也有點大女人，所以在一起不免有些衝突。」,根據《換日線》報導，這位非洲演員伊馮在30多年前從家鄉剛果到大陸當交換學生，但當時的大陸社會風氣較封閉且非常排外，因此他聽從朋友的建議改到台灣來看看，他因此被這裡的人情味感動，即使離開了，也因為不捨又跑回來。,原文第14段
148,原文,第14段,udn,第3段,0.125,低相似性,婚前磨合七年，成就溫馨跨國戀，儘管台灣和非洲的家庭價值觀不盡相同，我在婚姻的過程也不太順遂，但依然選擇在台灣結婚生子，長久地待了下來。此時，一旁的伊馮太太依雯表示，因文化差異，相處過程中難免會有些摩擦，兩人婚前花了 7 年的時間磨合。「非洲男人有點大男人，但其實台灣女人也有點大女人，所以在一起不免有些衝突。」,而在新聞系學生劉郁葶於「換日線」撰寫的內容中，她採訪到了伊馮，透露了伊馮如今主要在做汽車零件、農業機械的進出口貿易，不僅如此，他也是漢霖說唱團的相聲演員，更是全台首位非洲裔的相聲演員。,原文第14段
149,原文,第14段,TVBS1,第3段,0.09375,低相似性,婚前磨合七年，成就溫馨跨國戀，儘管台灣和非洲的家庭價值觀不盡相同，我在婚姻的過程也不太順遂，但依然選擇在台灣結婚生子，長久地待了下來。此時，一旁的伊馮太太依雯表示，因文化差異，相處過程中難免會有些摩擦，兩人婚前花了 7 年的時間磨合。「非洲男人有點大男人，但其實台灣女人也有點大女人，所以在一起不免有些衝突。」,據網媒換日線報導，現年52歲的伊馮表示，當初會來到亞洲主因是國家政策，先赴中國北京擔任語言交換生再到杭州念大學，但當地排外情況嚴重，在朋友建議下來到台灣，沒想到卻深深被這塊土地的人民熱情吸引駐留，「我試過離開台灣，到頭來還是捨不得，台灣已留在我的心上了」！,原文第14段
150,原文,第14段,網路溫度計,第5段,0.1015625,低相似性,婚前磨合七年，成就溫馨跨國戀，儘管台灣和非洲的家庭價值觀不盡相同，我在婚姻的過程也不太順遂，但依然選擇在台灣結婚生子，長久地待了下來。此時，一旁的伊馮太太依雯表示，因文化差異，相處過程中難免會有些摩擦，兩人婚前花了 7 年的時間磨合。「非洲男人有點大男人，但其實台灣女人也有點大女人，所以在一起不免有些衝突。」,報導中也舉例，剛來台不久的伊馮吃飯時跟隔壁的高中生聊天，原本只是找話題隨意聊到工作機會，但對方卻認真的找電話、主動介紹他到自己舅舅家的工廠上班；或是晚上10點等不到公車的他被警方問話，原本還擔心被誤會，警察卻親切告知「這裡等不到公車」，還載自己到可以等車的地方——種種經歷都讓他感到窩心。,原文第14段
151,原文,第14段,Fun一下,第2段,0.09375,低相似性,婚前磨合七年，成就溫馨跨國戀，儘管台灣和非洲的家庭價值觀不盡相同，我在婚姻的過程也不太順遂，但依然選擇在台灣結婚生子，長久地待了下來。此時，一旁的伊馮太太依雯表示，因文化差異，相處過程中難免會有些摩擦，兩人婚前花了 7 年的時間磨合。「非洲男人有點大男人，但其實台灣女人也有點大女人，所以在一起不免有些衝突。」,1998年開播紅遍全台、大家爭相模仿成為口頭禪的維大力汽水廣告，這部廣告最大的看點就是其中的外籍演員，而他就是來自非洲剛果的伊馮（本名：Yvon Pierre Loufoua），來台30年的他近況曝光，不只做著進口貿易生意，還在台灣創下第一人紀錄！,原文第14段
152,原文,第14段,三立1,第2段,0.140625,低相似性,婚前磨合七年，成就溫馨跨國戀，儘管台灣和非洲的家庭價值觀不盡相同，我在婚姻的過程也不太順遂，但依然選擇在台灣結婚生子，長久地待了下來。此時，一旁的伊馮太太依雯表示，因文化差異，相處過程中難免會有些摩擦，兩人婚前花了 7 年的時間磨合。「非洲男人有點大男人，但其實台灣女人也有點大女人，所以在一起不免有些衝突。」,來自非洲剛果的伊馮（本名：Yvon Pierre Loufoua）1998年拍攝維大力汽水廣告，逗趣的經典台詞「維大力？義大利？維大力～Is it good to drink？」即使過了20年仍是許多人爭相模仿的對象，近日伊馮近況曝光，定居台灣30年的他已結婚並育有一對寶貝兒女，目前主要從事進出口貿易工作，而他也自曝8月底將和蔡振南一起拍戲，這也是他們自維大力廣告後的首度合作。,原文第14段
153,原文,第14段,達人秀,第2段,0.09375,低相似性,婚前磨合七年，成就溫馨跨國戀，儘管台灣和非洲的家庭價值觀不盡相同，我在婚姻的過程也不太順遂，但依然選擇在台灣結婚生子，長久地待了下來。此時，一旁的伊馮太太依雯表示，因文化差異，相處過程中難免會有些摩擦，兩人婚前花了 7 年的時間磨合。「非洲男人有點大男人，但其實台灣女人也有點大女人，所以在一起不免有些衝突。」,講起氣泡飲料「維大力」，大家心中一定會浮現資深演員蔡振南和另一位外籍人士的對話，「維大力」、「義大利？」、「It’s good to drink」，一晃眼20年過去至今仍是廣告金句，而外籍演員就是來自非洲的伊馮，現年52歲的他，不僅愛護台灣這塊土地，更是唯一一位非籍相聲演員。,原文第14段
154,原文,第15段,三立2,第2段,0.1171875,低相似性,伊馮求學時期沒什麼錢，靠著半工半讀完成學業；30 幾歲時進演藝圈，拍維大力廣告、上《世界大不同》的節目，「他身上就是有種喜感，一上台就會展現出表演魅力」，這些都是伊馮憑著自身努力走出的一條的路。,還記得20年前的維大力汽水廣告中的黑人嗎？經典台詞「維大力？義大利？維大力～Is it good to drink？」到現在依舊是大家爭相模仿的對象，他就是來自非洲剛果的伊馮（本名：Yvon Pierre Loufoua），近日他的近況曝光，做著進口貿易生意的伊馮，在台灣生了一對寶貝兒女，談到台灣，他透露非常喜歡台灣這個國家，在這邊住近這三十年，他開始在想放棄原本國家國籍，而訪談間，他也意外自爆自己曾對政治很熱衷。,原文第15段
155,原文,第15段,今日,第3段,0.15625,低相似性,伊馮求學時期沒什麼錢，靠著半工半讀完成學業；30 幾歲時進演藝圈，拍維大力廣告、上《世界大不同》的節目，「他身上就是有種喜感，一上台就會展現出表演魅力」，這些都是伊馮憑著自身努力走出的一條的路。,綜合媒體報導，一段 20 年前的維大力廣告，經典逗趣的台詞至今仍讓許多民眾琅琅上口。廣告中和資深演員蔡振南對話的外國人，現在究竟去哪了呢？事實上，他是來自非洲的伊馮（Yvon Pierre Loufoua），現年 52 歲，因為當年來到台灣就愛上了這片土地，因此選擇長住台灣。現在的他從事汽車零件、農業機械進出口貿易，但仍偶爾會上綜藝節目，更是台灣第一位「非洲相聲演員」。,原文第15段
156,原文,第15段,lovenews,第2段,0.140625,低相似性,伊馮求學時期沒什麼錢，靠著半工半讀完成學業；30 幾歲時進演藝圈，拍維大力廣告、上《世界大不同》的節目，「他身上就是有種喜感，一上台就會展現出表演魅力」，這些都是伊馮憑著自身努力走出的一條的路。,1998年開播紅遍全台、大家爭相模仿成為口頭禪的維大力汽水廣告，這部廣告最大的看點就是其中的外籍演員，而他就是來自非洲剛果的伊馮（本名：Yvon Pierre Loufoua），來台30年的他近況曝光，不只做著進口貿易生意，還在台灣創下第一人紀錄！,原文第15段
157,原文,第15段,lookernews,第6段,0.1171875,低相似性,伊馮求學時期沒什麼錢，靠著半工半讀完成學業；30 幾歲時進演藝圈，拍維大力廣告、上《世界大不同》的節目，「他身上就是有種喜感，一上台就會展現出表演魅力」，這些都是伊馮憑著自身努力走出的一條的路。,伊馮坦言，那個時候對警察都沒有好印象，所以就假裝自己不會中文，也不是很想攀談，沒想到對方卻親切說：「這裡等不到公車的！」接著就主動在他到可以等車的地方，讓他直呼台灣真的是有著滿滿的人情味，也有點愧咎，竟然假裝自己不會中文，不過也因為台灣人真的很讚，所以才一待就是30年。,原文第15段
158,原文,第15段,CTWANT,第1段,0.09375,低相似性,伊馮求學時期沒什麼錢，靠著半工半讀完成學業；30 幾歲時進演藝圈，拍維大力廣告、上《世界大不同》的節目，「他身上就是有種喜感，一上台就會展現出表演魅力」，這些都是伊馮憑著自身努力走出的一條的路。,還記得維大力廣告的他嗎？21年後竟成為這職業的台灣第一人,原文第15段
159,原文,第15段,udn,第2段,0.15625,低相似性,伊馮求學時期沒什麼錢，靠著半工半讀完成學業；30 幾歲時進演藝圈，拍維大力廣告、上《世界大不同》的節目，「他身上就是有種喜感，一上台就會展現出表演魅力」，這些都是伊馮憑著自身努力走出的一條的路。,「沒大力？義大利？維大力～Is it good to drink？」維大力21年前推出的廣告，當中與蔡振南互動的外國人伊馮讓人印象深刻，今年「綜藝大熱門」提到「看到黃色飲料就想到他」更讓伊馮穿著當時的服裝，現場與陳漢典重現當年的經典廣告詞。,原文第15段
160,原文,第15段,TVBS1,第2段,0.09375,低相似性,伊馮求學時期沒什麼錢，靠著半工半讀完成學業；30 幾歲時進演藝圈，拍維大力廣告、上《世界大不同》的節目，「他身上就是有種喜感，一上台就會展現出表演魅力」，這些都是伊馮憑著自身努力走出的一條的路。,「維大力」、「義大利」、「It's good to drink」還記得說這幾句經典台詞的外國人嗎？20年前來自非洲剛果的伊馮(Yvon Pierre Loufoua)與蔡振南憑著知名品牌維大力廣告逗趣的台詞，打響名號；時隔多年，伊馮超狂近況也跟著曝光！,原文第15段
161,原文,第15段,網路溫度計,第2段,0.109375,低相似性,伊馮求學時期沒什麼錢，靠著半工半讀完成學業；30 幾歲時進演藝圈，拍維大力廣告、上《世界大不同》的節目，「他身上就是有種喜感，一上台就會展現出表演魅力」，這些都是伊馮憑著自身努力走出的一條的路。,說到氣泡飲料「維大力」，許多人腦海一定會響起那系列「維大力？義大利？Is it good to drink？」完整廣告台詞，尤其是非裔的伊馮（本名：Yvon Pierre Loufoua）更是廣告中的最大亮點。,原文第15段
162,原文,第15段,Fun一下,第2段,0.140625,低相似性,伊馮求學時期沒什麼錢，靠著半工半讀完成學業；30 幾歲時進演藝圈，拍維大力廣告、上《世界大不同》的節目，「他身上就是有種喜感，一上台就會展現出表演魅力」，這些都是伊馮憑著自身努力走出的一條的路。,1998年開播紅遍全台、大家爭相模仿成為口頭禪的維大力汽水廣告，這部廣告最大的看點就是其中的外籍演員，而他就是來自非洲剛果的伊馮（本名：Yvon Pierre Loufoua），來台30年的他近況曝光，不只做著進口貿易生意，還在台灣創下第一人紀錄！,原文第15段
163,原文,第15段,三立1,第2段,0.15625,低相似性,伊馮求學時期沒什麼錢，靠著半工半讀完成學業；30 幾歲時進演藝圈，拍維大力廣告、上《世界大不同》的節目，「他身上就是有種喜感，一上台就會展現出表演魅力」，這些都是伊馮憑著自身努力走出的一條的路。,來自非洲剛果的伊馮（本名：Yvon Pierre Loufoua）1998年拍攝維大力汽水廣告，逗趣的經典台詞「維大力？義大利？維大力～Is it good to drink？」即使過了20年仍是許多人爭相模仿的對象，近日伊馮近況曝光，定居台灣30年的他已結婚並育有一對寶貝兒女，目前主要從事進出口貿易工作，而他也自曝8月底將和蔡振南一起拍戲，這也是他們自維大力廣告後的首度合作。,原文第15段
164,原文,第15段,達人秀,第3段,0.109375,低相似性,伊馮求學時期沒什麼錢，靠著半工半讀完成學業；30 幾歲時進演藝圈，拍維大力廣告、上《世界大不同》的節目，「他身上就是有種喜感，一上台就會展現出表演魅力」，這些都是伊馮憑著自身努力走出的一條的路。,因為演出氣泡飲料「維大力」而瞬間爆紅的非洲演員伊馮（本名Yvon Pierre Loufoua），現年已有52歲，目前仍活躍於幕前除了少數上過台灣綜藝節目，更是台灣第一位「非洲相聲演員」，伊馮成為演員的契機也相當奇妙。根據《換日線》報導，伊馮透露30年前他獨自離開家鄉非洲剛果，先是在大陸學習中文，接著也來到台灣，一次在肯德基接家教時，被漢霖說唱團的團長王振全巧遇認為伊馮「身為非洲人卻帶有一口北京腔中文」相當有趣，因此力邀他加入劇團，沒想到一講就成為他的終生職業。,原文第15段
165,原文,第16段,三立2,第3段,0.1328125,低相似性,在依雯眼中，伊馮的一大特質就是很「正向樂觀」。常常有阿公、阿婆，以為伊馮聽不懂台語，當著他的面接說：「黑人黑漆漆沒洗澡」；面對這些情況，伊馮從來不會惡臉對人，「只有我在旁邊氣得半死，覺得台灣人歧視他。」另外，有小孩子看到他大喊：「有黑人！」他都會笑笑地跟他們說：「哈囉！」這些都讓依雯十分佩服他。,今年52歲的伊馮，平常因為工作關係，台北桃園兩地跑，相當享受現在的生活，雖然住台灣已經三十多年，但目前僅以永久居留權定居，他也自曝：「有一陣子在想，想放棄剛果國籍，因為原本國籍到哪邊都有點不方便，像是去大陸、香港都很麻煩。」訪談間他也笑說，想領台灣身分證，他覺得台灣是一個很自由的國家，他很喜歡去哪都很方便，還有投票權，而被記者問到本身有關心台灣政治？伊馮大笑：「以前我對政治很熱衷，當年我是扁迷，因為我覺得阿扁從一個辛苦小孩，一路爬到台北市長、總統，這個過程讓人覺得很厲害，但他被關以後，就不喜歡了，現在也對政治沒有這麼熱衷。」,原文第16段
166,原文,第16段,今日,第4段,0.15625,低相似性,在依雯眼中，伊馮的一大特質就是很「正向樂觀」。常常有阿公、阿婆，以為伊馮聽不懂台語，當著他的面接說：「黑人黑漆漆沒洗澡」；面對這些情況，伊馮從來不會惡臉對人，「只有我在旁邊氣得半死，覺得台灣人歧視他。」另外，有小孩子看到他大喊：「有黑人！」他都會笑笑地跟他們說：「哈囉！」這些都讓依雯十分佩服他。,報導指出，伊馮在 30 年前獨自離開家鄉，先到了中國大陸學習中文，然而當時的大陸社會較為封閉、排外，於是他又輾轉來到台灣。身無分文的他，其實並不打算久住，不過台灣的人情味卻讓他漸漸卸下心防，結果一待就是 20 年。伊馮回憶，自己剛來台灣的時候，曾經晚上 10 點多搭錯火車，心急之下幸好遇上了熱心的警察，主動載他到有車的地方，令他非常感嘆，因為他本來在其他國家對警察的印象都很差。,原文第16段
167,原文,第16段,lovenews,第3段,0.1328125,低相似性,在依雯眼中，伊馮的一大特質就是很「正向樂觀」。常常有阿公、阿婆，以為伊馮聽不懂台語，當著他的面接說：「黑人黑漆漆沒洗澡」；面對這些情況，伊馮從來不會惡臉對人，「只有我在旁邊氣得半死，覺得台灣人歧視他。」另外，有小孩子看到他大喊：「有黑人！」他都會笑笑地跟他們說：「哈囉！」這些都讓依雯十分佩服他。,伊馮曾在3月28日上《綜藝大熱門》，特別穿上當時拍攝的服裝外，還和陳漢典重現「維大力ㄎ？義大利？維大力～Is it good to drink？哩公蝦（台語，你說什麼）？」吳宗憲在節目中還透露，和伊馮對手演員蔡振南當時不只有演，還是這部廣告的導演！,原文第16段
168,原文,第16段,lookernews,第6段,0.171875,低相似性,在依雯眼中，伊馮的一大特質就是很「正向樂觀」。常常有阿公、阿婆，以為伊馮聽不懂台語，當著他的面接說：「黑人黑漆漆沒洗澡」；面對這些情況，伊馮從來不會惡臉對人，「只有我在旁邊氣得半死，覺得台灣人歧視他。」另外，有小孩子看到他大喊：「有黑人！」他都會笑笑地跟他們說：「哈囉！」這些都讓依雯十分佩服他。,伊馮坦言，那個時候對警察都沒有好印象，所以就假裝自己不會中文，也不是很想攀談，沒想到對方卻親切說：「這裡等不到公車的！」接著就主動在他到可以等車的地方，讓他直呼台灣真的是有著滿滿的人情味，也有點愧咎，竟然假裝自己不會中文，不過也因為台灣人真的很讚，所以才一待就是30年。,原文第16段
169,原文,第16段,CTWANT,第4段,0.09375,低相似性,在依雯眼中，伊馮的一大特質就是很「正向樂觀」。常常有阿公、阿婆，以為伊馮聽不懂台語，當著他的面接說：「黑人黑漆漆沒洗澡」；面對這些情況，伊馮從來不會惡臉對人，「只有我在旁邊氣得半死，覺得台灣人歧視他。」另外，有小孩子看到他大喊：「有黑人！」他都會笑笑地跟他們說：「哈囉！」這些都讓依雯十分佩服他。,伊馮說，某次他在速食店教學生英文時，被無意經過的《漢霖民俗說唱藝術團》團長王振全相中，認為這個非洲人講中文帶著北京口音很特別，因此開啟了與相聲的淵源，讓他成為台灣第一位「非裔相聲演員」。,原文第16段
170,原文,第16段,udn,第2段,0.125,低相似性,在依雯眼中，伊馮的一大特質就是很「正向樂觀」。常常有阿公、阿婆，以為伊馮聽不懂台語，當著他的面接說：「黑人黑漆漆沒洗澡」；面對這些情況，伊馮從來不會惡臉對人，「只有我在旁邊氣得半死，覺得台灣人歧視他。」另外，有小孩子看到他大喊：「有黑人！」他都會笑笑地跟他們說：「哈囉！」這些都讓依雯十分佩服他。,「沒大力？義大利？維大力～Is it good to drink？」維大力21年前推出的廣告，當中與蔡振南互動的外國人伊馮讓人印象深刻，今年「綜藝大熱門」提到「看到黃色飲料就想到他」更讓伊馮穿著當時的服裝，現場與陳漢典重現當年的經典廣告詞。,原文第16段
171,原文,第16段,TVBS1,第4段,0.09375,低相似性,在依雯眼中，伊馮的一大特質就是很「正向樂觀」。常常有阿公、阿婆，以為伊馮聽不懂台語，當著他的面接說：「黑人黑漆漆沒洗澡」；面對這些情況，伊馮從來不會惡臉對人，「只有我在旁邊氣得半死，覺得台灣人歧視他。」另外，有小孩子看到他大喊：「有黑人！」他都會笑笑地跟他們說：「哈囉！」這些都讓依雯十分佩服他。,據了解，伊馮目前從事汽車零件、農業機械進出口貿易，副業則是「相聲演員」，而他成為演員的過程也十分奇妙，他表示當時剛來到台灣不久，某次在速食店幫學生上家教時，意外被《漢霖民俗說唱藝術團》的團長王振全相中，認為伊馮是非洲人，講的中文卻帶著北京腔，覺得相當有趣，便熱情邀他加入劇團，沒想到不僅讓伊馮成了台灣第一位「非洲裔相聲演員」，也變成了他熱愛的終生職業。,原文第16段
172,原文,第16段,網路溫度計,第4段,0.140625,低相似性,在依雯眼中，伊馮的一大特質就是很「正向樂觀」。常常有阿公、阿婆，以為伊馮聽不懂台語，當著他的面接說：「黑人黑漆漆沒洗澡」；面對這些情況，伊馮從來不會惡臉對人，「只有我在旁邊氣得半死，覺得台灣人歧視他。」另外，有小孩子看到他大喊：「有黑人！」他都會笑笑地跟他們說：「哈囉！」這些都讓依雯十分佩服他。,根據《換日線》的報導，其實伊馮來台已經30年了，他當初會來華人地區主要是因國家政策，但原本預計在中國發展的他，因當時的中國社會風氣封閉，排外情況讓伊馮受挫，因此在朋友的推薦之下前往台灣——原本只打算待一陣子的他，一下子就被台灣人的熱情和親切吸引。,原文第16段
173,原文,第16段,Fun一下,第3段,0.1328125,低相似性,在依雯眼中，伊馮的一大特質就是很「正向樂觀」。常常有阿公、阿婆，以為伊馮聽不懂台語，當著他的面接說：「黑人黑漆漆沒洗澡」；面對這些情況，伊馮從來不會惡臉對人，「只有我在旁邊氣得半死，覺得台灣人歧視他。」另外，有小孩子看到他大喊：「有黑人！」他都會笑笑地跟他們說：「哈囉！」這些都讓依雯十分佩服他。,伊馮曾在3月28日上《綜藝大熱門》，特別穿上當時拍攝的服裝外，還和陳漢典重現「維大力ㄎ？義大利？維大力～Is it good to drink？哩公蝦（台語，你說什麼）？」吳宗憲在節目中還透露，和伊馮對手演員蔡振南當時不只有演，還是這部廣告的導演！,原文第16段
174,原文,第16段,三立1,第4段,0.1328125,低相似性,在依雯眼中，伊馮的一大特質就是很「正向樂觀」。常常有阿公、阿婆，以為伊馮聽不懂台語，當著他的面接說：「黑人黑漆漆沒洗澡」；面對這些情況，伊馮從來不會惡臉對人，「只有我在旁邊氣得半死，覺得台灣人歧視他。」另外，有小孩子看到他大喊：「有黑人！」他都會笑笑地跟他們說：「哈囉！」這些都讓依雯十分佩服他。,伊馮30年前離開家鄉到中國大陸學習中文，但因當年大陸社會封閉，加上一些因素，他轉而來到台灣，原本沒想要多留的他被台灣人的熱情與親切吸引，一待就是30年，更在台灣結婚並育有一對寶貝兒女，對於爸爸曾因廣告走紅，伊馮透露女兒比較害羞，不是很喜歡提到這件事，但兒子就比較大方。擁有台灣永久居留權的他事業小有所成，目前把兒子送到美國讀書，而他也坦言剛果籍到許多國家都很麻煩，想要放棄原本國籍、獲得中華民國國籍。,原文第16段
175,原文,第16段,達人秀,第5段,0.109375,低相似性,在依雯眼中，伊馮的一大特質就是很「正向樂觀」。常常有阿公、阿婆，以為伊馮聽不懂台語，當著他的面接說：「黑人黑漆漆沒洗澡」；面對這些情況，伊馮從來不會惡臉對人，「只有我在旁邊氣得半死，覺得台灣人歧視他。」另外，有小孩子看到他大喊：「有黑人！」他都會笑笑地跟他們說：「哈囉！」這些都讓依雯十分佩服他。,而伊馮也鼓勵台灣人，更熟悉並熱愛自己的文化。他指出，過去曾有一名美國朋友因為不習慣台灣混亂的市容更稱是「養豬的地方」，不過伊馮卻從過去只想當個過客，到現在才發現「我離不開台灣」，透過一位外國人的眼睛，他認為台灣人反倒對外國文化很熟悉，他遺憾表示「台灣人不好好發揮自身的傳統文化，真的很可惜」。,原文第16段
176,原文,第17段,三立2,第2段,0.1171875,低相似性,訪談結束，伊馮與依雯有說有笑、相偕至餐廳用餐，婚姻中的甘苦只有兩人最清楚，異國的文化與價值衝突在歷經磨合後，是細水長流，是攜手相伴一生的平淡的甜蜜。,還記得20年前的維大力汽水廣告中的黑人嗎？經典台詞「維大力？義大利？維大力～Is it good to drink？」到現在依舊是大家爭相模仿的對象，他就是來自非洲剛果的伊馮（本名：Yvon Pierre Loufoua），近日他的近況曝光，做著進口貿易生意的伊馮，在台灣生了一對寶貝兒女，談到台灣，他透露非常喜歡台灣這個國家，在這邊住近這三十年，他開始在想放棄原本國家國籍，而訪談間，他也意外自爆自己曾對政治很熱衷。,原文第17段
177,原文,第17段,今日,第2段,0.15625,低相似性,訪談結束，伊馮與依雯有說有笑、相偕至餐廳用餐，婚姻中的甘苦只有兩人最清楚，異國的文化與價值衝突在歷經磨合後，是細水長流，是攜手相伴一生的平淡的甜蜜。,「維大力...義大利？Is it good to drink？」還記得這幾句熟悉的廣告台詞嗎？20 年前的維大力經典廣告中，資深演員蔡振南和一位外國人逗趣的對話，至今仍深深印在許多民眾的腦海。時隔多年，許多人都很好奇「廣告中那個黑人去哪了？」近來有媒體追蹤報導，原來他是來自非洲剛果的伊馮（Yvon Pierre Loufoua），而現年 52 歲的他近況也曝光了！,原文第17段
178,原文,第17段,lovenews,第2段,0.125,低相似性,訪談結束，伊馮與依雯有說有笑、相偕至餐廳用餐，婚姻中的甘苦只有兩人最清楚，異國的文化與價值衝突在歷經磨合後，是細水長流，是攜手相伴一生的平淡的甜蜜。,1998年開播紅遍全台、大家爭相模仿成為口頭禪的維大力汽水廣告，這部廣告最大的看點就是其中的外籍演員，而他就是來自非洲剛果的伊馮（本名：Yvon Pierre Loufoua），來台30年的他近況曝光，不只做著進口貿易生意，還在台灣創下第一人紀錄！,原文第17段
179,原文,第17段,lookernews,第2段,0.109375,低相似性,訪談結束，伊馮與依雯有說有笑、相偕至餐廳用餐，婚姻中的甘苦只有兩人最清楚，異國的文化與價值衝突在歷經磨合後，是細水長流，是攜手相伴一生的平淡的甜蜜。,20年前的維大力廣告，很多人應該記憶深刻吧？有個黑人在電視上笑喊：「維大力？義大利？維大力～Is it good to drink？」讓很多人都笑開懷，這名來自非洲剛果的演員伊馮，也就此紅透半邊天，如今多年過去了，原來他還留在台灣，而且還娶了一個漂亮的台灣老婆；事實上，他過去就曾透露，原本是要到中國擔任語言交換學生，後來在台灣發展後，也幾度想要離開，然而峰迴路轉，他卻還是回來，直呼：「真的太愛台灣！」,原文第17段
180,原文,第17段,CTWANT,第3段,0.0859375,低相似性,訪談結束，伊馮與依雯有說有笑、相偕至餐廳用餐，婚姻中的甘苦只有兩人最清楚，異國的文化與價值衝突在歷經磨合後，是細水長流，是攜手相伴一生的平淡的甜蜜。,根據《換日線》報導，這位非洲演員伊馮在30多年前從家鄉剛果到大陸當交換學生，但當時的大陸社會風氣較封閉且非常排外，因此他聽從朋友的建議改到台灣來看看，他因此被這裡的人情味感動，即使離開了，也因為不捨又跑回來。,原文第17段
181,原文,第17段,udn,第3段,0.125,低相似性,訪談結束，伊馮與依雯有說有笑、相偕至餐廳用餐，婚姻中的甘苦只有兩人最清楚，異國的文化與價值衝突在歷經磨合後，是細水長流，是攜手相伴一生的平淡的甜蜜。,而在新聞系學生劉郁葶於「換日線」撰寫的內容中，她採訪到了伊馮，透露了伊馮如今主要在做汽車零件、農業機械的進出口貿易，不僅如此，他也是漢霖說唱團的相聲演員，更是全台首位非洲裔的相聲演員。,原文第17段
182,原文,第17段,TVBS1,第3段,0.0703125,低相似性,訪談結束，伊馮與依雯有說有笑、相偕至餐廳用餐，婚姻中的甘苦只有兩人最清楚，異國的文化與價值衝突在歷經磨合後，是細水長流，是攜手相伴一生的平淡的甜蜜。,據網媒換日線報導，現年52歲的伊馮表示，當初會來到亞洲主因是國家政策，先赴中國北京擔任語言交換生再到杭州念大學，但當地排外情況嚴重，在朋友建議下來到台灣，沒想到卻深深被這塊土地的人民熱情吸引駐留，「我試過離開台灣，到頭來還是捨不得，台灣已留在我的心上了」！,原文第17段
183,原文,第17段,網路溫度計,第6段,0.125,低相似性,訪談結束，伊馮與依雯有說有笑、相偕至餐廳用餐，婚姻中的甘苦只有兩人最清楚，異國的文化與價值衝突在歷經磨合後，是細水長流，是攜手相伴一生的平淡的甜蜜。,而伊馮在台定居後主要是做汽車零件、農業機械的進出口貿易，但他的副業則是天差地遠的「相聲演員」。,原文第17段
184,原文,第17段,Fun一下,第2段,0.125,低相似性,訪談結束，伊馮與依雯有說有笑、相偕至餐廳用餐，婚姻中的甘苦只有兩人最清楚，異國的文化與價值衝突在歷經磨合後，是細水長流，是攜手相伴一生的平淡的甜蜜。,1998年開播紅遍全台、大家爭相模仿成為口頭禪的維大力汽水廣告，這部廣告最大的看點就是其中的外籍演員，而他就是來自非洲剛果的伊馮（本名：Yvon Pierre Loufoua），來台30年的他近況曝光，不只做著進口貿易生意，還在台灣創下第一人紀錄！,原文第17段
185,原文,第17段,三立1,第5段,0.171875,低相似性,訪談結束，伊馮與依雯有說有笑、相偕至餐廳用餐，婚姻中的甘苦只有兩人最清楚，異國的文化與價值衝突在歷經磨合後，是細水長流，是攜手相伴一生的平淡的甜蜜。,雖然對闖蕩星河興趣缺缺，但伊馮偶爾還是會出現在螢光幕前，還曾參與相聲演出，成為台灣第一位非裔相聲演員，而他也向《三立新聞網》透露，今年8月將與蔡振南一起拍攝新戲，這不僅是兩人睽違20年的合體，也是廣告結束後兩人首次見面，讓他相當期待。,原文第17段
186,原文,第17段,達人秀,第4段,0.1015625,低相似性,訪談結束，伊馮與依雯有說有笑、相偕至餐廳用餐，婚姻中的甘苦只有兩人最清楚，異國的文化與價值衝突在歷經磨合後，是細水長流，是攜手相伴一生的平淡的甜蜜。,然而伊馮過去是先後在大陸的北京、杭州念書，然而他卻直言適應困難，並指出「那時的大陸比起現在封閉許多，很排外而且人與人之間距離感深」，是台灣的人情味讓他卸下心防。據悉，伊馮起初到台灣身無分文，因為他一心想離開，然而來到這裡卻讓他改觀，他舉例警察的熱心、高中生替他找工作等等，這才讓伊馮開始願意接受這裡的文化，甚至首度嘗試中式料理。,原文第17段
